order_id,customer_id,amount
1,C4047,6203
2,C4435,2317
3,C3629,6803
1,C2536,1958
2,C2605,2488
3,C0183,2466
1,C4107,1714
2,C1986,9986
3,C4220,3036
1,C2383,1668
2,C0224,8083
3,C1145,8007
1,C2240,6139
2,C2873,8267
3,C1972,8284
1,C4937,9759
2,C2363,3291
3,C3156,6475
1,C3501,4409
2,C1083,3695
3,C3813,2253
1,C2971,2304
2,C4226,974
3,C2232,4957
1,C2753,6812
2,C4733,49
3,C4009,6457
1,C4731,3044
2,C1888,6420
3,C3420,340
1,C1220,1139
2,C1490,768
3,C3171,4501
1,C0571,8061
2,C0142,281
3,C3141,5026
1,C1212,5353
2,C1667,5706
3,C4228,685
1,C3570,7159
2,C0009,5710
3,C0820,624
1,C2344,5904
2,C2405,3185
3,C0154,7960
1,C3069,1013
2,C4043,5834
3,C4459,4075
1,C1794,110
2,C2837,1384
3,C4816,7542
1,C2646,5682
2,C0916,1310
3,C3752,125
1,C4502,4385
2,C3809,2722
3,C0323,7407
1,C4328,6334
2,C4566,6372
3,C4370,3798
1,C3238,4022
2,C1012,8754
3,C3704,4655
1,C3517,9036
2,C4925,56
3,C1546,3083
1,C3729,3702
2,C0467,5808
3,C2755,1234
1,C3469,1676
2,C2621,7668
3,C4199,3119
1,C0047,7063
2,C3426,8956
3,C4620,7480
1,C0854,4680
2,C3970,4854
3,C3959,6020
1,C0336,8601
2,C1271,5278
3,C1578,4610
1,C4253,4690
2,C3839,4424
3,C3120,4069
1,C1652,6016
2,C4563,4312
3,C0882,2977
1,C1873,6065
2,C4493,1412
3,C1251,7700
1,C0153,6824
2,C1369,7404
3,C3769,6082
1,C0540,1508
2,C2669,1868
3,C0466,8557
1,C2659,7362
2,C2650,2477
3,C4626,1890
1,C0986,3271
2,C0689,9448
3,C1347,2859
1,C0946,6135
2,C1229,3600
3,C0746,1526
1,C4925,9994
2,C3890,7940
3,C2085,1607
1,C2600,9794
2,C0049,908
3,C3887,8531
1,C4976,9718
2,C4222,9642
3,C3023,9525
1,C0822,4024
2,C4177,9931
3,C1294,1185
1,C3629,3697
2,C4149,3364
3,C2817,800
1,C1250,451
2,C1861,4905
3,C3055,7215
1,C2680,9352
2,C3922,2677
3,C1428,7987
1,C2820,2753
2,C4972,908
3,C4944,8754
1,C3587,6871
2,C3120,9367
3,C3288,8302
1,C4993,512
2,C0435,7648
3,C2523,1071
1,C1598,1930
2,C3223,3958
3,C4779,2726
1,C0147,5238
2,C3090,1193
3,C2783,8278
1,C4320,9138
2,C3512,8586
3,C2912,8902
1,C2990,8678
2,C3452,1081
3,C4251,8160
1,C4418,903
2,C3009,3929
3,C4866,5619
1,C2727,3187
2,C0771,8416
3,C1571,4033
1,C4563,2594
2,C4802,242
3,C3721,7489
1,C0544,3374
2,C1725,6506
3,C3055,5189
1,C2423,8547
2,C0502,1943
3,C2692,7341
1,C0545,2121
2,C0863,2471
3,C4379,1984
1,C2241,9526
2,C1281,9565
3,C2125,1707
1,C3835,9858
2,C4823,857
3,C2091,1639
1,C0306,1667
2,C0165,4842
3,C0986,3954
1,C2602,781
2,C4972,598
3,C3313,5797
1,C2794,7868
2,C4705,5815
3,C0450,5835
1,C3611,9813
2,C4128,1683
3,C0793,3308
1,C4138,1136
2,C0094,7477
3,C3403,3478
1,C4438,1430
2,C0474,5649
3,C0423,3425
1,C3391,1639
2,C1250,5133
3,C2017,668
1,C4567,8294
2,C2869,8468
3,C3772,7502
1,C4225,6409
2,C2545,7534
3,C0517,8247
1,C0680,4402
2,C2876,9208
3,C3185,7553
1,C4809,9068
2,C4667,8106
3,C4345,9800
1,C1496,4934
2,C3998,5230
3,C3098,2473
1,C0159,7387
2,C0967,6552
3,C2315,4177
1,C2127,9345
2,C2274,5435
3,C0064,3319
1,C1833,8470
2,C4470,3037
3,C3397,406
1,C3760,8087
2,C3727,8790
3,C1435,7984
1,C4441,8713
2,C1685,384
3,C2230,9423
1,C1118,5358
2,C1449,2395
3,C3803,6871
1,C0118,8485
2,C1471,8827
3,C2260,8150
1,C0808,4462
2,C0689,4841
3,C2237,3111
1,C2611,1956
2,C3940,1347
3,C0893,8971
1,C4385,5663
2,C3208,2077
3,C0439,6271
1,C2631,1135
2,C3183,2
3,C3009,6621
1,C1267,295
2,C3726,4796
3,C0026,5779
1,C4607,9897
2,C2077,1427
3,C2598,4880
1,C1337,4673
2,C4317,58
3,C3504,6964
1,C2250,9208
2,C2287,9210
3,C4164,3896
1,C2174,310
2,C1122,4314
3,C1506,5960
1,C0475,8303
2,C1101,7840
3,C1290,2192
1,C1559,3881
2,C4603,7070
3,C1317,1633
1,C2898,5533
2,C4896,3044
3,C2681,2783
1,C0424,1587
2,C1796,7410
3,C2323,6886
1,C4296,8355
2,C4883,3828
3,C0791,3159
1,C0919,6403
2,C3385,42
3,C3226,9376
1,C2817,6711
2,C4715,8605
3,C0513,3060
1,C1888,9365
2,C0743,2613
3,C3690,7983
1,C3020,4104
2,C0660,280
3,C1037,5824
1,C2615,5313
2,C1332,9008
3,C2860,4727
1,C3390,3208
2,C1788,8850
3,C0787,7670
1,C4149,1474
2,C4620,8020
3,C3674,6467
1,C4364,2592
2,C1034,1292
3,C0198,2700
1,C4499,8463
2,C1790,4230
3,C4137,4657
1,C0989,858
2,C0776,2157
3,C2763,3950
1,C3726,7740
2,C4546,2977
3,C0630,3418
1,C2771,2027
2,C2628,3432
3,C1012,5879
1,C2076,2316
2,C1465,8125
3,C2449,785
1,C0268,4209
2,C4457,1446
3,C3439,438
1,C4039,18
2,C4718,2441
3,C0891,4841
1,C3272,8341
2,C4230,9958
3,C4666,6576
1,C0894,4062
2,C3533,5089
3,C3045,4326
1,C1737,4370
2,C4804,1748
3,C4579,7971
1,C0036,2577
2,C1062,440
3,C4564,1284
1,C1521,4548
2,C0970,8434
3,C1254,8812
1,C1652,4598
2,C2813,8210
3,C1509,3194
1,C2766,7452
2,C4605,9901
3,C3190,4428
1,C2719,5780
2,C4100,3264
3,C4583,1527
1,C1487,3642
2,C1517,2281
3,C3436,2865
1,C3977,4751
2,C2639,9710
3,C0816,9355
1,C1028,6356
2,C2126,5691
3,C4645,2703
1,C3736,1579
2,C1029,6723
3,C3351,4843
1,C0074,5986
2,C3072,2080
3,C1337,2290
1,C4320,8861
2,C3554,1854
3,C4649,9401
1,C4719,8778
2,C1502,9978
3,C3706,1897
1,C4365,9312
2,C2861,6850
3,C4031,7084
1,C4849,5424
2,C0816,8120
3,C0025,8057
1,C1052,5295
2,C0070,9718
3,C0194,2947
1,C1575,1142
2,C3311,3888
3,C0084,3080
1,C4476,7996
2,C1562,5825
3,C1643,2396
1,C0049,3916
2,C3634,7858
3,C2375,3671
1,C2099,8680
2,C4524,1023
3,C0739,7725
1,C3147,8498
2,C0636,2950
3,C3499,7756
1,C1780,8753
2,C3325,5086
3,C0121,5319
1,C3491,8798
2,C0654,7132
3,C4961,6326
1,C4787,7072
2,C3421,790
3,C4529,9307
1,C2369,5983
2,C0734,4978
3,C3982,3481
1,C2237,1919
2,C0837,3237
3,C0557,6389
1,C2257,2656
2,C2489,9299
3,C4423,2462
1,C2199,8132
2,C0647,2937
3,C0936,7539
1,C2939,7130
2,C1078,364
3,C2756,3285
1,C1035,7790
2,C3848,6950
3,C1911,9252
1,C4085,4152
2,C1887,6738
3,C1513,945
1,C1004,1420
2,C0791,824
3,C3304,2845
1,C0219,690
2,C0960,7607
3,C1973,1304
1,C1483,9388
2,C1350,4125
3,C2129,948
1,C0541,5489
2,C3822,946
3,C3918,2622
1,C1067,9577
2,C1550,5376
3,C2572,1096
1,C1152,6807
2,C0471,3837
3,C2782,9360
1,C1925,9449
2,C0570,7832
3,C3682,9934
1,C1753,1170
2,C1516,1913
3,C2208,8784
1,C2326,2741
2,C1407,2994
3,C0671,3455
1,C3761,9780
2,C2120,1764
3,C4875,5439
1,C1384,6079
2,C0758,6030
3,C2936,3548
1,C2048,6813
2,C0761,773
3,C4131,9118
1,C0085,159
2,C0010,1828
3,C4557,2953
1,C3324,7181
2,C4036,536
3,C3308,2648
1,C2132,7416
2,C2136,3102
3,C3780,2358
1,C2729,501
2,C1113,5981
3,C4178,4840
1,C4203,9812
2,C2921,6151
3,C4682,1863
1,C1114,6316
2,C0668,6309
3,C4670,525
1,C0964,8980
2,C3808,3624
3,C3309,4533
1,C4032,5360
2,C4017,977
3,C3823,5691
1,C3746,7128
2,C2189,950
3,C4973,4217
1,C0949,2508
2,C1178,4517
3,C4060,7896
1,C3809,2694
2,C3579,804
3,C4437,5613
1,C4588,9002
2,C3810,4892
3,C1766,2115
1,C0431,8785
2,C1811,3060
3,C4812,508
1,C2749,7761
2,C3372,7462
3,C0142,4073
1,C1570,4689
2,C0748,9576
3,C3140,7899
1,C4492,4784
2,C1874,2450
3,C3128,9097
1,C1342,1034
2,C2729,23
3,C0966,8658
1,C3375,3152
2,C3220,3237
3,C1917,959
1,C4158,9944
2,C4533,8904
3,C3095,9900
1,C2177,9650
2,C3507,7317
3,C0213,5056
1,C2209,3410
2,C2178,855
3,C2821,9905
1,C1733,1420
2,C3371,6350
3,C0126,2029
1,C0358,4538
2,C1945,5672
3,C3981,7461
1,C0150,8483
2,C1147,4728
3,C1547,9868
1,C4981,6313
2,C3771,2167
3,C4042,7649
1,C1266,8467
2,C0209,8848
3,C0058,6349
1,C3712,5088
2,C2754,5460
3,C3896,8126
1,C3090,5703
2,C1694,9616
3,C2826,8117
1,C0669,481
2,C0321,8371
3,C1413,3324
1,C0664,9934
2,C2858,9342
3,C1460,2297
1,C3703,8310
2,C2245,1170
3,C4300,6038
1,C2220,8752
2,C0121,2462
3,C4261,1890
1,C0720,2741
2,C0468,430
3,C2628,6560
1,C0087,936
2,C0951,465
3,C3819,2110
1,C2864,8751
2,C4630,5764
3,C4339,4434
1,C3444,6438
2,C3901,4665
3,C3498,6772
1,C0836,1266
2,C0481,278
3,C1855,8283
1,C4577,2973
2,C1848,3209
3,C4647,6301
1,C4271,4997
2,C2617,293
3,C4598,736
1,C3473,1949
2,C2010,5124
3,C1841,9053
1,C0640,9469
2,C3697,9760
3,C1753,8785
1,C2248,5017
2,C2612,3900
3,C0540,1551
1,C2430,8762
2,C3743,589
3,C1251,9065
1,C0601,7413
2,C0766,3535
3,C2327,9823
1,C0874,6055
2,C1306,1191
3,C1878,8029
1,C1747,6493
2,C2135,525
3,C0541,4451
1,C3304,8168
2,C3451,7261
3,C3666,6743
1,C3791,3956
2,C0148,9517
3,C0153,9241
1,C3720,5523
2,C3613,6198
3,C0436,6006
1,C2454,1384
2,C1814,903
3,C2058,6079
1,C1507,8502
2,C4549,8875
3,C2565,4939
1,C0856,3852
2,C4182,6400
3,C4152,6192
1,C4853,9954
2,C4078,2986
3,C1498,4020
1,C3226,6990
2,C2881,5352
3,C4538,5956
1,C0427,9932
2,C3908,6705
3,C0244,5083
1,C0148,2453
2,C1135,7455
3,C2252,7011
1,C3171,3986
2,C4364,7596
3,C3098,1320
1,C1253,1688
2,C1815,7116
3,C4116,5822
1,C4680,3125
2,C4082,8174
3,C1656,1324
1,C1259,998
2,C4004,6663
3,C0417,2991
1,C1665,5356
2,C0457,2453
3,C3351,8656
1,C3489,5311
2,C0857,4399
3,C1448,9146
1,C1836,4574
2,C3311,6525
3,C3977,3798
1,C0975,6741
2,C0886,9936
3,C3571,9660
1,C0814,9208
2,C3791,602
3,C1954,952
1,C2786,5418
2,C2690,6633
3,C0799,4606
1,C1538,3601
2,C2923,668
3,C3550,5429
1,C2726,8497
2,C0857,3121
3,C1781,8550
1,C1177,9903
2,C2785,3288
3,C1888,5060
1,C2473,7382
2,C3479,4140
3,C0689,4792
1,C0856,8887
2,C1569,2899
3,C0342,4034
1,C2705,9819
2,C2682,2006
3,C1435,8975
1,C0435,1795
2,C2818,4539
3,C2670,8083
1,C3226,8630
2,C3243,3802
3,C2317,8258
1,C1180,153
2,C1351,8782
3,C0966,6331
1,C4808,7071
2,C2088,8375
3,C0307,5163
1,C4243,2690
2,C2304,2089
3,C3846,5060
1,C2842,3784
2,C4417,3007
3,C3265,7049
1,C4490,7410
2,C1724,8342
3,C0923,6510
1,C3468,8177
2,C3399,5784
3,C3501,3870
1,C0753,3817
2,C0457,8973
3,C2256,115
1,C2545,6942
2,C3404,7826
3,C0773,8955
1,C0815,5674
2,C2739,6135
3,C4342,9078
1,C0543,4094
2,C4155,9197
3,C2703,2154
1,C2107,4936
2,C0409,2747
3,C4816,2881
1,C2984,5095
2,C1874,6203
3,C1686,8187
1,C3523,4446
2,C4492,2574
3,C1025,9892
1,C4962,1753
2,C4692,879
3,C4271,781
1,C3567,54
2,C3543,2757
3,C3002,2061
1,C1727,4994
2,C0167,6269
3,C2666,5199
1,C2484,1363
2,C1567,8786
3,C4350,3345
1,C4524,6631
2,C4688,9381
3,C2159,2018
1,C0828,9205
2,C2467,1287
3,C3900,328
1,C0626,5376
2,C1359,9251
3,C4775,4594
1,C1042,3646
2,C3212,4672
3,C0317,6035
1,C2472,8952
2,C1584,2412
3,C3309,8620
1,C3702,3588
2,C0829,1791
3,C2878,3022
1,C1822,290
2,C2527,4466
3,C3429,6765
1,C2590,4778
2,C3120,6910
3,C0732,3693
1,C2217,6078
2,C3074,7099
3,C4477,8173
1,C2617,3577
2,C0226,8501
3,C1904,5571
1,C4320,2250
2,C2069,486
3,C3717,4631
1,C2375,222
2,C0891,9168
3,C3675,512
1,C1546,2923
2,C2399,7063
3,C3579,3178
1,C2309,3416
2,C0317,254
3,C1763,6087
1,C2977,4851
2,C3876,3749
3,C3520,8270
1,C1002,1919
2,C4330,6477
3,C2461,8380
1,C2991,3378
2,C4804,8366
3,C2668,3545
1,C2232,8382
2,C0463,8252
3,C4689,4813
1,C2973,1457
2,C3114,4279
3,C2121,6422
1,C4763,1700
2,C1834,3076
3,C4177,1394
1,C4285,1973
2,C4449,8592
3,C1794,9542
1,C2531,8919
2,C2484,3303
3,C4796,7013
1,C2017,2169
2,C3160,8389
3,C4155,2476
1,C2919,5478
2,C4118,4517
3,C1964,3516
1,C2111,7574
2,C2732,9709
3,C3544,2328
1,C1733,1061
2,C0581,7025
3,C3578,5396
1,C0107,6557
2,C0712,9858
3,C1297,4324
1,C3580,4325
2,C2652,6834
3,C0458,7144
1,C2535,7033
2,C2011,2445
3,C1625,877
1,C4493,6391
2,C4770,7869
3,C2025,536
1,C0760,3268
2,C0006,9033
3,C4975,4439
1,C0854,7645
2,C4253,5032
3,C1747,2440
1,C0103,3254
2,C4794,7403
3,C4978,7989
1,C0098,8782
2,C1047,4423
3,C0003,1271
1,C4030,3929
2,C4125,2908
3,C0153,5298
1,C4968,1438
2,C0846,3520
3,C2919,4900
1,C3270,9334
2,C0166,9903
3,C3153,5993
1,C0491,7807
2,C4516,8949
3,C3993,6330
1,C3050,7756
2,C2460,6659
3,C1275,3485
1,C3379,4025
2,C4921,2895
3,C1517,3206
1,C2100,5027
2,C1380,8032
3,C4764,7915
1,C3060,1124
2,C4878,7670
3,C4742,7896
1,C4679,7606
2,C1631,8271
3,C0842,287
1,C4060,5632
2,C2707,763
3,C2995,7137
1,C3311,2255
2,C0585,2482
3,C1717,2842
1,C2299,6360
2,C4830,1147
3,C4940,2407
1,C3336,730
2,C4583,8353
3,C2245,308
1,C0886,3143
2,C1431,6844
3,C0735,8111
1,C3269,6153
2,C4965,6044
3,C3876,4055
1,C3785,3822
2,C2180,8643
3,C4904,4609
1,C4421,1948
2,C1558,7524
3,C1177,3798
1,C0875,7597
2,C2098,4221
3,C4040,7995
1,C3888,1941
2,C2172,2861
3,C2758,3653
1,C0772,6875
2,C4611,9339
3,C4369,6730
1,C1043,5784
2,C4135,4216
3,C0535,8909
1,C0494,2061
2,C0602,3047
3,C0111,6156
1,C4522,7163
2,C2183,2546
3,C0497,1295
1,C1664,9427
2,C4872,3302
3,C3995,3650
1,C3285,7754
2,C0311,931
3,C4819,2173
1,C0710,2862
2,C4579,8327
3,C2025,5935
1,C0109,8413
2,C1501,7288
3,C1294,9550
1,C1915,9721
2,C4037,2849
3,C1543,331
1,C0756,675
2,C0227,7514
3,C1668,8626
1,C1482,6418
2,C2653,16
3,C4918,6269
1,C1125,5918
2,C0279,1408
3,C1107,910
1,C2107,3975
2,C1470,3799
3,C1537,44
1,C2074,7150
2,C0189,5965
3,C3969,145
1,C0588,5278
2,C4107,3383
3,C4793,3309
1,C1727,7306
2,C0744,7630
3,C3552,9234
1,C1072,8745
2,C1416,2177
3,C2612,6026
1,C3554,9000
2,C1995,2898
3,C3878,8232
1,C3808,1851
2,C1490,7901
3,C3165,4821
1,C0867,3996
2,C3173,220
3,C4265,9261
1,C2838,1703
2,C0080,5326
3,C3182,8886
1,C3973,8183
2,C4068,7957
3,C0456,6624
1,C1543,4191
2,C3628,6273
3,C0334,608
1,C4396,7252
2,C3963,9874
3,C3640,1369
1,C2688,3905
2,C1000,9722
3,C1211,6701
1,C2810,7455
2,C4777,6738
3,C3721,6436
1,C2608,5519
2,C4140,5889
3,C2487,7871
1,C2123,6966
2,C4492,228
3,C3592,1710
1,C3206,8077
2,C0687,7615
3,C4272,32
1,C3769,9398
2,C1278,4756
3,C0922,7020
1,C3269,3513
2,C3508,5634
3,C4590,476
1,C4331,8729
2,C0793,7087
3,C2989,7639
1,C0926,9719
2,C3064,3703
3,C4330,1064
1,C2880,4166
2,C4217,8736
3,C1656,6003
1,C4171,7899
2,C3496,6806
3,C4102,2716
1,C1197,4461
2,C0052,4186
3,C1856,3251
1,C0750,4477
2,C1745,150
3,C4974,4028
1,C4915,6351
2,C0686,7162
3,C3693,867
1,C2817,1985
2,C1678,441
3,C0747,9628
1,C3913,4629
2,C0550,4775
3,C3259,296
1,C4415,6096
2,C4670,9606
3,C0505,9690
1,C4997,2343
2,C4096,6474
3,C0127,4074
1,C3435,8999
2,C0306,8988
3,C0532,6856
1,C3746,4176
2,C3967,3857
3,C1192,6475
1,C4052,3217
2,C4116,5678
3,C1708,9471
1,C2552,7223
2,C1780,8661
3,C2168,2993
1,C3608,5183
2,C3635,7265
3,C4438,6256
1,C0173,5021
2,C1507,9143
3,C3790,7760
1,C4414,6037
2,C1016,3660
3,C3328,5766
1,C2661,2787
2,C1237,5431
3,C4580,4133
1,C0480,927
2,C2098,9697
3,C0114,5565
1,C0538,535
2,C0299,6014
3,C1824,3215
1,C1660,7600
2,C3361,6564
3,C1558,6082
1,C2987,6575
2,C3594,4942
3,C2610,4432
1,C4027,626
2,C2135,5730
3,C1945,7742
1,C1573,3936
2,C1395,7185
3,C2434,5631
1,C2778,3819
2,C1858,3699
3,C1396,7429
1,C2834,754
2,C1144,7742
3,C2341,3098
1,C3437,4830
2,C2390,9716
3,C0487,8108
1,C2497,4248
2,C0833,1429
3,C2278,280
1,C1945,2599
2,C4377,1300
3,C0662,5850
1,C4398,231
2,C2847,883
3,C2028,4825
1,C3971,9428
2,C1597,2547
3,C0582,1356
1,C4662,7692
2,C4932,9545
3,C4794,8315
1,C3725,1153
2,C4058,7702
3,C4991,6374
1,C3666,5586
2,C4850,8816
3,C2065,449
1,C3661,5372
2,C2380,149
3,C4291,8160
1,C3278,4025
2,C4253,5809
3,C0006,936
1,C1282,113
2,C0380,183
3,C2764,3644
1,C1983,6474
2,C4090,543
3,C1829,3800
1,C0756,1388
2,C2874,6010
3,C4647,1012
1,C2384,1412
2,C1137,9074
3,C3564,4474
1,C4589,7594
2,C0592,3898
3,C1567,1919
1,C2944,3371
2,C2219,9550
3,C3186,9818
1,C2586,2873
2,C1192,4040
3,C2295,3519
1,C2402,2498
2,C4297,1877
3,C4014,5342
1,C4931,8459
2,C2458,8025
3,C0167,97
1,C4311,7633
2,C2825,5396
3,C3920,8393
1,C1877,968
2,C1656,2475
3,C0963,4737
1,C0761,4484
2,C2937,8522
3,C4733,1563
1,C3070,7414
2,C2955,4006
3,C1368,7288
1,C4067,1833
2,C2874,2767
3,C2282,2319
1,C3772,3445
2,C0269,9634
3,C0271,7199
1,C2632,8486
2,C0496,4649
3,C3176,3272
1,C1778,2239
2,C1146,4196
3,C4590,538
1,C1161,5418
2,C0086,1785
3,C2794,9985
1,C4868,4375
2,C0008,9184
3,C4872,1620
1,C0724,9651
2,C1542,8485
3,C2271,3014
1,C0783,8935
2,C3733,4900
3,C0462,6076
1,C3875,672
2,C1117,3534
3,C2192,7762
1,C3558,6023
2,C1622,4267
3,C3693,456
1,C0281,732
2,C4106,2917
3,C2026,2648
1,C4573,5001
2,C2799,4249
3,C3547,822
1,C0549,4193
2,C0300,4544
3,C3910,6607
1,C2493,6210
2,C3778,2130
3,C4813,3740
1,C3583,7187
2,C2961,7874
3,C3560,7191
1,C3548,9433
2,C0430,3122
3,C3346,9495
1,C2731,8927
2,C1438,9179
3,C3964,174
1,C3397,889
2,C2264,2472
3,C1304,2131
1,C2467,5001
2,C0507,5637
3,C3348,4838
1,C2284,3945
2,C1117,9543
3,C2458,7798
1,C2838,1480
2,C3489,8782
3,C4792,2579
1,C0812,8198
2,C0587,3464
3,C0251,3904
1,C1531,9814
2,C3915,2024
3,C0406,1837
1,C0797,919
2,C2478,3754
3,C0868,6602
1,C0718,3719
2,C4175,4159
3,C1209,4048
1,C3421,1135
2,C0259,1127
3,C1185,8077
1,C1941,7772
2,C3763,5290
3,C4769,538
1,C1596,1239
2,C3821,8510
3,C1331,5302
1,C2583,2765
2,C0892,5363
3,C4032,1296
1,C2173,597
2,C2805,9640
3,C1791,9532
1,C2170,1332
2,C4820,681
3,C1617,7925
1,C1897,9881
2,C1265,8375
3,C3834,4946
1,C4683,7696
2,C0413,7386
3,C4082,5939
1,C1615,9458
2,C2242,3832
3,C2087,4466
1,C3750,6469
2,C2680,1228
3,C0977,3089
1,C3004,7268
2,C1333,9670
3,C3648,1203
1,C3451,7440
2,C4705,727
3,C1402,4059
1,C4820,973
2,C3672,1469
3,C3414,1712
1,C0491,7917
2,C1420,4388
3,C1030,4389
1,C1158,28
2,C2719,985
3,C1784,9751
1,C2401,3216
2,C3792,5093
3,C0234,9590
1,C2118,273
2,C3703,53
3,C4681,3808
1,C4773,9371
2,C0854,8394
3,C0621,5981
1,C0010,8453
2,C2089,4886
3,C2382,4
1,C1245,7535
2,C1616,5514
3,C2781,6653
1,C0764,7650
2,C2256,259
3,C3206,2807
1,C2035,103
2,C4030,5776
3,C4501,1631
1,C0994,4015
2,C0842,2549
3,C4911,8107
1,C0419,2923
2,C0438,5839
3,C1567,9045
1,C1639,3555
2,C2000,968
3,C1909,2476
1,C0639,4186
2,C1086,7679
3,C0170,5203
1,C3723,4973
2,C0620,138
3,C2744,2404
1,C2082,4903
2,C1448,5473
3,C2718,1138
1,C4955,8184
2,C3050,7251
3,C3520,4664
1,C0591,6467
2,C0786,9196
3,C2002,4195
1,C2034,2932
2,C0982,7527
3,C0223,1283
1,C0217,6738
2,C3036,4808
3,C4993,1404
1,C1008,6013
2,C1043,6144
3,C3263,4055
1,C3519,2361
2,C1381,9570
3,C1792,7341
1,C3643,8445
2,C4940,9452
3,C0311,2418
1,C1424,226
2,C0047,5042
3,C2521,5336
1,C4344,2540
2,C4041,911
3,C4044,4732
1,C3922,5562
2,C4940,7424
3,C0154,3228
1,C0759,5195
2,C3282,5616
3,C1142,4980
1,C4333,1999
2,C3439,2936
3,C1175,1362
1,C3990,5324
2,C2581,5282
3,C4015,9066
1,C1226,6507
2,C0875,1300
3,C3821,338
1,C1665,947
2,C1273,1236
3,C4199,5846
1,C0018,8056
2,C3392,9003
3,C0415,5621
1,C1132,2813
2,C4083,8398
3,C3085,1534
1,C2143,9503
2,C0300,4158
3,C1238,9574
1,C3740,2212
2,C3653,8704
3,C0794,982
1,C4622,7034
2,C3074,1771
3,C0738,1385
1,C2509,7889
2,C4221,314
3,C1684,846
1,C4790,5954
2,C3548,7339
3,C3164,223
1,C0888,3852
2,C2302,153
3,C2816,889
1,C4125,5269
2,C3417,4882
3,C3312,3971
1,C1830,8723
2,C2701,5270
3,C0686,4972
1,C0389,7051
2,C2210,4905
3,C1414,3810
1,C1401,6594
2,C0823,6440
3,C2426,267
1,C0858,5719
2,C2704,1710
3,C0895,7615
1,C4534,4725
2,C3274,3518
3,C1665,2483
1,C4379,4771
2,C3519,4538
3,C3548,8394
1,C1469,8499
2,C0989,3928
3,C0261,1338
1,C1951,3979
2,C1766,2676
3,C1246,6289
1,C3083,333
2,C2869,599
3,C4990,1013
1,C3360,7020
2,C2619,9881
3,C1439,8292
1,C4176,801
2,C2324,5029
3,C3937,2285
1,C0156,8074
2,C3396,9171
3,C2570,7092
1,C3435,9246
2,C0877,6277
3,C2293,1291
1,C4143,86
2,C4265,9342
3,C0732,3417
1,C1529,6952
2,C2216,7876
3,C2184,3546
1,C2497,8225
2,C4762,4593
3,C4762,280
1,C4757,5619
2,C0357,3594
3,C1568,3058
1,C1557,6647
2,C1909,6001
3,C1260,8692
1,C0563,9691
2,C3853,6831
3,C2127,2761
1,C0530,4320
2,C2496,1096
3,C4817,2059
1,C1904,900
2,C1102,6973
3,C3627,6229
1,C2612,4170
2,C0616,4340
3,C0052,7138
1,C1173,7432
2,C3307,7787
3,C1995,2685
1,C0153,5638
2,C3155,8483
3,C4540,1083
1,C4311,9496
2,C3774,9348
3,C3338,4653
1,C0648,7342
2,C3614,1791
3,C4861,2295
1,C1717,3269
2,C0388,7852
3,C0534,9074
1,C3142,8280
2,C1857,9813
3,C1177,4512
1,C1590,3983
2,C3694,9430
3,C3840,7846
1,C1600,9697
2,C2077,6917
3,C2165,8947
1,C4554,3860
2,C4029,247
3,C2015,4886
1,C4933,252
2,C0805,5458
3,C1409,6589
1,C2319,9604
2,C0533,3486
3,C4592,1921
1,C2317,5858
2,C1786,3302
3,C2954,6748
1,C4616,5849
2,C3687,1839
3,C2916,2625
1,C0178,6836
2,C2363,4623
3,C3194,1426
1,C3065,6107
2,C4228,3004
3,C2379,4398
1,C1718,5021
2,C3260,8247
3,C3795,528
1,C3443,1617
2,C2663,5585
3,C1930,5206
1,C4051,8151
2,C3048,3835
3,C1904,4761
1,C1791,250
2,C4301,4875
3,C4180,8663
1,C0348,5505
2,C4842,8698
3,C0945,2426
1,C2303,4001
2,C2971,8618
3,C0918,6987
1,C2072,1713
2,C1333,7327
3,C2926,6453
1,C0566,6240
2,C3596,9289
3,C2696,3556
1,C1669,4841
2,C3334,3195
3,C2712,1295
1,C4639,5037
2,C3997,1950
3,C4803,9962
1,C0560,487
2,C0254,8830
3,C4298,7738
1,C4215,7907
2,C0952,9569
3,C4409,1410
1,C2358,1483
2,C4340,1509
3,C0344,2023
1,C0125,6731
2,C0082,5192
3,C1318,2768
1,C0065,8067
2,C0322,7550
3,C1229,351
1,C0941,6627
2,C1772,2747
3,C1637,5919
1,C3841,4204
2,C3678,3960
3,C0257,4934
1,C2611,4309
2,C0507,3637
3,C1624,4504
1,C0497,8438
2,C3690,2794
3,C4207,9823
1,C0789,2291
2,C1321,7019
3,C4951,6082
1,C4792,2473
2,C3710,3256
3,C3071,1665
1,C1105,1834
2,C2541,536
3,C4047,7711
1,C1934,8253
2,C3110,3176
3,C4894,3161
1,C2752,343
2,C4690,2754
3,C4888,4709
1,C3979,4423
2,C2349,6899
3,C2923,5418
1,C0884,6956
2,C1519,4130
3,C1771,1432
1,C3338,4071
2,C3034,9996
3,C2947,3969
1,C4455,1267
2,C4809,2788
3,C2206,9779
1,C2952,4854
2,C4265,7544
3,C0749,8860
1,C1436,4934
2,C1194,248
3,C0436,596
1,C4261,8980
2,C4033,5376
3,C3697,5112
1,C0997,2511
2,C1348,1498
3,C0890,5118
1,C2445,3049
2,C1544,7138
3,C4536,5376
1,C1779,3072
2,C1742,2692
3,C2250,4216
1,C3639,9697
2,C4329,8658
3,C2211,9904
1,C2584,5052
2,C4684,9000
3,C3775,2628
1,C0713,4849
2,C2414,1352
3,C2982,3554
1,C1364,1498
2,C0827,177
3,C1830,2786
1,C3866,6347
2,C4336,1970
3,C2477,4474
1,C1468,7304
2,C3661,9937
3,C1673,3329
1,C3183,913
2,C2636,9687
3,C1483,7933
1,C3968,9107
2,C3671,2626
3,C1122,4819
1,C3458,5751
2,C0239,7157
3,C1614,1455
1,C0874,7294
2,C3256,2431
3,C4115,7089
1,C2303,3903
2,C3075,6368
3,C4367,3143
1,C1708,7564
2,C0540,8330
3,C2996,8265
1,C2681,2686
2,C1923,5333
3,C2639,283
1,C4707,6830
2,C0318,287
3,C1461,1227
1,C2938,2074
2,C3820,8401
3,C3598,6516
1,C2034,4393
2,C0177,948
3,C1963,7228
1,C2321,2938
2,C4334,8719
3,C3401,4778
1,C2164,3993
2,C1502,3564
3,C3117,8328
1,C1377,7625
2,C3743,4461
3,C0738,127
1,C2474,4180
2,C2825,6798
3,C4432,8671
1,C1486,8176
2,C0032,1969
3,C3675,2253
1,C3430,2994
2,C0357,9580
3,C3527,9786
1,C0222,9181
2,C2629,3478
3,C3120,1854
1,C3889,8473
2,C3917,6845
3,C4956,786
1,C4846,1939
2,C2498,3704
3,C3800,4420
1,C2556,1626
2,C1361,5129
3,C4307,2040
1,C3109,7123
2,C0843,7086
3,C3139,5693
1,C1488,8738
2,C3364,4071
3,C1820,8669
1,C4374,3804
2,C3372,4250
3,C0894,817
1,C1875,7274
2,C0234,7439
3,C4980,4954
1,C4090,24
2,C4941,8268
3,C3476,9720
1,C2403,4989
2,C3816,6268
3,C3423,6003
1,C0671,7116
2,C2980,3013
3,C1285,2417
1,C2184,2767
2,C3562,8670
3,C3165,2941
1,C0645,7578
2,C2980,6149
3,C4854,4403
1,C4924,7918
2,C4021,4797
3,C2231,7952
1,C1713,7768
2,C4242,4289
3,C4777,7553
1,C3518,9467
2,C2769,2960
3,C0091,9178
1,C3567,1142
2,C2625,9070
3,C4622,3654
1,C1689,1324
2,C3725,3447
3,C1624,1172
1,C3785,4089
2,C3135,8506
3,C1486,5996
1,C0165,9242
2,C4354,8928
3,C3386,3584
1,C3099,4592
2,C0507,9078
3,C4670,2167
1,C4375,3557
2,C4312,7059
3,C3674,7216
1,C0078,4871
2,C0856,3846
3,C0740,7239
1,C2265,3667
2,C3994,7257
3,C0397,2756
1,C0376,4556
2,C1352,162
3,C2345,23
1,C1482,8010
2,C3442,7114
3,C2661,6467
1,C0569,6689
2,C1825,903
3,C0210,2725
1,C4205,3711
2,C2736,1273
3,C2620,2490
1,C2080,8947
2,C2505,1171
3,C4827,1500
1,C2113,2820
2,C4967,6107
3,C3756,5157
1,C1841,5386
2,C2674,5885
3,C2423,2236
1,C3218,6766
2,C0657,3978
3,C0044,4451
1,C2547,1820
2,C1355,2229
3,C4208,6351
1,C3619,6670
2,C1793,2989
3,C0627,4805
1,C0268,157
2,C1483,7569
3,C2470,5373
1,C1916,6765
2,C2427,2452
3,C4165,7351
1,C4883,4252
2,C2433,2208
3,C2718,7682
1,C2529,8367
2,C1736,1896
3,C4494,7742
1,C0657,9782
2,C1334,2646
3,C2584,9932
1,C0958,742
2,C0611,9085
3,C0321,310
1,C2274,6262
2,C3440,9059
3,C1528,7015
1,C0080,885
2,C2942,6829
3,C2418,7287
1,C1872,2662
2,C0203,7361
3,C1713,6259
1,C4181,1284
2,C3641,3939
3,C2543,4174
1,C0465,8504
2,C3634,3492
3,C4579,4447
1,C3012,7466
2,C3851,459
3,C2200,4105
1,C3128,5872
2,C1505,5608
3,C0398,4193
1,C1709,1624
2,C1349,2698
3,C2696,491
1,C2924,2651
2,C2611,5794
3,C1004,3564
1,C1891,2352
2,C1555,4587
3,C3288,9960
1,C0295,5979
2,C1465,4743
3,C0740,354
1,C0345,7933
2,C1600,8360
3,C3382,2890
1,C4228,4972
2,C2049,7859
3,C3091,2675
1,C1588,3781
2,C0243,7630
3,C1410,5995
1,C2960,9714
2,C2542,9656
3,C0990,8704
1,C4794,1509
2,C3594,4494
3,C0002,1553
1,C1806,2171
2,C3258,3794
3,C0580,2405
1,C2807,3160
2,C4026,1056
3,C4751,1673
1,C4555,2987
2,C0262,9816
3,C1873,7015
1,C1744,2252
2,C1503,9820
3,C0716,3389
1,C1782,5764
2,C4133,6312
3,C2095,4042
1,C4501,7256
2,C2684,2066
3,C1775,1174
1,C4498,7416
2,C0293,6684
3,C1137,9316
1,C0746,9445
2,C2424,691
3,C4792,1281
1,C4427,1239
2,C0047,1044
3,C3234,2884
1,C3092,2956
2,C1731,3081
3,C2810,2329
1,C3896,7404
2,C1396,9051
3,C0891,3075
1,C3782,1998
2,C2565,4621
3,C1173,2551
1,C3144,8028
2,C4582,637
3,C0278,4995
1,C0145,5920
2,C1237,896
3,C4857,1028
1,C1847,6870
2,C3841,4803
3,C0716,128
1,C4152,3580
2,C4681,9951
3,C4980,3275
1,C2536,9634
2,C3923,154
3,C4637,1955
1,C4690,9941
2,C3680,8963
3,C1929,6049
1,C1661,2075
2,C3625,4683
3,C2189,1211
1,C2516,6404
2,C1057,6514
3,C0903,2391
1,C0273,7897
2,C0599,1660
3,C3754,1094
1,C3913,5634
2,C3953,6219
3,C1798,2857
1,C1322,5037
2,C2902,8601
3,C1447,6186
1,C4688,4265
2,C3280,3295
3,C4958,8024
1,C0159,1422
2,C1047,3617
3,C0989,7087
1,C0220,1360
2,C3927,8987
3,C3746,8839
1,C0366,770
2,C0757,3866
3,C2655,1478
1,C4147,3355
2,C4850,3978
3,C1077,358
1,C0745,1254
2,C3564,5990
3,C1606,8382
1,C1866,3448
2,C2739,2178
3,C3705,3094
1,C4467,5395
2,C0236,1249
3,C2034,7545
1,C0230,8818
2,C0138,1071
3,C0537,1920
1,C0172,9906
2,C1419,4673
3,C2883,8911
1,C4951,300
2,C4772,6585
3,C2824,5589
1,C3377,596
2,C3529,2893
3,C3049,8277
1,C3806,1278
2,C4750,8305
3,C4142,13
1,C2303,7562
2,C1617,535
3,C0281,5397
1,C3369,6651
2,C0102,3698
3,C3986,1953
1,C2883,972
2,C4149,8512
3,C2908,61
1,C1545,7835
2,C0923,468
3,C1304,5430
1,C3974,9269
2,C1425,2310
3,C0992,9019
1,C1999,3393
2,C4667,4362
3,C0656,845
1,C0769,6872
2,C3377,9044
3,C1445,5113
1,C4935,6298
2,C2370,9221
3,C4488,8359
1,C0803,5710
2,C3573,1829
3,C4439,9528
1,C4287,9950
2,C4618,9191
3,C2931,9507
1,C1147,9366
2,C0899,9952
3,C1504,2697
1,C3083,9315
2,C4581,5549
3,C0350,5773
1,C2772,6128
2,C0388,5182
3,C1105,8208
1,C4309,9684
2,C3295,2820
3,C4561,9165
1,C4818,3656
2,C1417,111
3,C4830,6607
1,C0990,3990
2,C2761,3664
3,C0472,7996
1,C3615,1968
2,C2932,8793
3,C2654,9329
1,C0850,2254
2,C0900,9669
3,C0909,6644
1,C4191,7800
2,C3587,298
3,C4519,9940
1,C3746,6829
2,C1504,6836
3,C3467,3381
1,C3282,6504
2,C4180,2692
3,C1990,453
1,C2398,3676
2,C0909,7060
3,C4899,4920
1,C3743,2065
2,C2299,3359
3,C1443,63
1,C1718,2018
2,C3295,3781
3,C2659,3972
1,C1914,3787
2,C3908,8512
3,C1159,5145
1,C1039,197
2,C2427,6028
3,C4304,6097
1,C0387,2310
2,C0346,9673
3,C3704,1057
1,C0762,247
2,C4960,8443
3,C1386,2035
1,C0701,7439
2,C0347,7386
3,C0853,8549
1,C3275,7365
2,C1292,2953
3,C4353,8039
1,C1681,3856
2,C3984,4446
3,C3594,3696
1,C1947,9559
2,C3639,7491
3,C3751,3326
1,C3360,5186
2,C4327,8487
3,C4780,6595
1,C3223,9684
2,C1308,5473
3,C3085,1417
1,C1819,4823
2,C3161,5743
3,C4612,7469
1,C0589,6941
2,C1123,7827
3,C0084,6092
1,C1341,9111
2,C0519,9946
3,C0734,5978
1,C2341,697
2,C2803,9483
3,C1171,4092
1,C0241,3831
2,C3389,9282
3,C1595,5139
1,C2822,8364
2,C0784,2354
3,C0838,1064
1,C0012,8916
2,C0564,4810
3,C1776,1123
1,C2956,8106
2,C3809,9867
3,C2470,9256
1,C1400,5562
2,C4205,5488
3,C4595,9609
1,C2969,2482
2,C2379,231
3,C0600,5189
1,C2250,3801
2,C2870,470
3,C2966,9773
1,C3033,8411
2,C1380,5147
3,C2362,4418
1,C4268,9851
2,C2903,4528
3,C4695,5426
1,C3548,4318
2,C4461,9473
3,C4693,8641
1,C0461,8201
2,C3688,3153
3,C3174,9292
1,C3099,7147
2,C3748,8467
3,C1190,2127
1,C1363,3054
2,C3279,8587
3,C4872,9190
1,C0183,1982
2,C3734,8414
3,C4606,890
1,C3584,4153
2,C3415,9328
3,C0102,7814
1,C4375,9365
2,C3716,8511
3,C4768,9585
1,C4734,5486
2,C3104,1341
3,C0429,9327
1,C0281,7114
2,C3622,4607
3,C1763,1530
1,C0265,7412
2,C0425,8317
3,C4534,7650
1,C0091,3598
2,C0308,2679
3,C2090,5221
1,C2721,3348
2,C4098,1512
3,C0350,5473
1,C3094,1756
2,C1197,8865
3,C3293,524
1,C2570,3907
2,C3065,5971
3,C4667,6782
1,C1366,6563
2,C4073,1327
3,C0239,2672
1,C1401,2030
2,C2201,6867
3,C1794,2660
1,C2623,7152
2,C3188,7614
3,C4941,7397
1,C2771,5145
2,C0310,4848
3,C3338,8956
1,C1398,5285
2,C3990,9104
3,C4060,2298
1,C3167,4297
2,C1804,991
3,C3849,4879
1,C1585,8049
2,C1240,8975
3,C1431,252
1,C3801,6561
2,C1335,8073
3,C0063,1333
1,C1457,2281
2,C1597,719
3,C1472,1865
1,C3102,6572
2,C2293,7333
3,C3184,1356
1,C2134,5659
2,C0952,3502
3,C4391,803
1,C0112,8613
2,C2956,3470
3,C0917,73
1,C3721,4662
2,C3454,6667
3,C0609,948
1,C1231,4603
2,C0758,2634
3,C2041,2873
1,C3644,9271
2,C4394,19
3,C3528,8301
1,C4447,9519
2,C3928,8813
3,C1035,931
1,C4820,7822
2,C2622,8239
3,C2884,1572
1,C1547,3515
2,C0164,3717
3,C3442,4574
1,C1448,3670
2,C2139,4847
3,C0630,6451
1,C1414,5033
2,C3551,8203
3,C2469,4547
1,C2527,8235
2,C1212,2741
3,C2348,2333
1,C1883,9526
2,C3556,8142
3,C2544,1619
1,C3083,964
2,C4847,7722
3,C2140,4479
1,C2903,9050
2,C3923,8684
3,C2904,8890
1,C0264,3832
2,C1234,5847
3,C1711,3063
1,C0109,3979
2,C4988,7396
3,C3517,8190
1,C2682,1747
2,C3599,2541
3,C1905,8220
1,C0807,4161
2,C4475,7115
3,C4387,9267
1,C4712,6878
2,C2417,7201
3,C1847,6418
1,C2678,6348
2,C2138,9670
3,C4544,9001
1,C4598,1427
2,C1621,1641
3,C4868,1058
1,C0582,1306
2,C3265,5353
3,C1015,8393
1,C0258,8471
2,C2231,1068
3,C0205,4557
1,C4330,3465
2,C2302,6479
3,C3763,3998
1,C0242,3454
2,C3626,4864
3,C2196,4776
1,C0048,6084
2,C4813,6603
3,C1040,4504
1,C2252,592
2,C4449,2872
3,C3792,1289
1,C1770,4541
2,C0646,1243
3,C0111,7466
1,C2742,8546
2,C1070,97
3,C0265,8303
1,C2782,7001
2,C4340,3235
3,C1819,5475
1,C2805,1156
2,C4095,7696
3,C4247,751
1,C4723,5774
2,C1321,2198
3,C2277,4379
1,C1838,3135
2,C3464,5120
3,C2360,866
1,C3839,9140
2,C2717,7434
3,C3912,1866
1,C3167,6571
2,C4194,2728
3,C2290,2176
1,C4271,6355
2,C1962,1448
3,C0982,8335
1,C3318,1675
2,C1048,417
3,C3632,742
1,C1507,6615
2,C3552,1801
3,C2271,5809
1,C2326,4301
2,C2773,2723
3,C3770,5107
1,C2329,8001
2,C2336,9103
3,C3854,8412
1,C1517,7678
2,C0990,7129
3,C2146,6314
1,C0112,8504
2,C0288,7370
3,C3469,8136
1,C3988,2725
2,C1095,2523
3,C2945,459
1,C2749,306
2,C3352,5692
3,C0215,1339
1,C0498,9785
2,C0191,5487
3,C0124,500
1,C1278,8663
2,C0516,5058
3,C0198,4502
1,C1736,9641
2,C0050,3565
3,C3139,7278
1,C3436,3499
2,C2748,7990
3,C4966,4250
1,C1832,7763
2,C2896,7936
3,C3092,2656
1,C0430,2547
2,C0905,4602
3,C4510,8152
1,C3213,7602
2,C0720,9388
3,C0440,3489
1,C4749,3108
2,C1099,6627
3,C4188,5075
1,C1237,8515
2,C4526,1005
3,C2793,8043
1,C3765,4799
2,C0080,1227
3,C2570,4388
1,C4673,7749
2,C2658,7491
3,C0172,5658
1,C0236,9201
2,C3501,1997
3,C2255,7094
1,C1363,6156
2,C3642,6208
3,C2729,8671
1,C0803,5937
2,C3106,6110
3,C4173,3535
1,C2117,163
2,C3277,2411
3,C3851,2929
1,C1815,3031
2,C0912,489
3,C3889,4985
1,C3307,7687
2,C3841,338
3,C1623,6341
1,C2646,2009
2,C2690,204
3,C4893,8378
1,C3850,507
2,C4191,9947
3,C1899,6680
1,C0387,2050
2,C0912,2783
3,C2634,7968
1,C0421,296
2,C0341,7298
3,C3194,1012
1,C2059,6868
2,C0614,2691
3,C2733,1823
1,C3894,1627
2,C2994,6358
3,C2431,6355
1,C4434,7239
2,C4363,2717
3,C3703,4685
1,C1434,5604
2,C3516,2205
3,C1544,6887
1,C0023,6168
2,C4683,4571
3,C1016,8003
1,C3832,1153
2,C3371,9766
3,C0426,2974
1,C0409,7765
2,C1976,3486
3,C4135,4501
1,C0100,8615
2,C0107,4620
3,C2660,5755
1,C3852,4059
2,C2799,150
3,C0603,6442
1,C1779,1903
2,C4995,7137
3,C2034,9217
1,C1428,4080
2,C1574,2594
3,C1134,5799
1,C1416,8450
2,C1528,7666
3,C0611,4870
1,C4939,156
2,C0520,7567
3,C1785,2347
1,C3099,8914
2,C3446,7881
3,C1314,9083
1,C2303,9188
2,C3082,1594
3,C1753,7774
1,C2937,9550
2,C1794,5638
3,C4247,170
1,C4701,2886
2,C3536,8350
3,C0579,3624
1,C2612,2500
2,C3553,4343
3,C0637,5135
1,C4455,163
2,C2639,72
3,C1167,2769
1,C2410,9533
2,C3835,253
3,C1040,1850
1,C4199,9881
2,C0087,9955
3,C3402,8945
1,C1106,3986
2,C2563,48
3,C1311,6282
1,C2701,7014
2,C1682,1755
3,C2378,8601
1,C3835,5215
2,C3668,3649
3,C4008,1740
1,C1202,7141
2,C2608,3404
3,C3552,6854
1,C2118,4166
2,C3322,8205
3,C4255,4959
1,C3601,6046
2,C2783,265
3,C1739,763
1,C4086,2481
2,C3323,9212
3,C2947,7676
1,C1975,8663
2,C0908,6289
3,C0440,4418
1,C3544,1946
2,C3885,9050
3,C3487,4246
1,C3434,5497
2,C3112,616
3,C0879,5966
1,C1576,3347
2,C3967,2170
3,C3777,1242
1,C3036,4297
2,C4139,3816
3,C2303,9363
1,C3519,8087
2,C3003,4866
3,C1151,1821
1,C0459,5582
2,C1866,24
3,C1707,5826
1,C1205,8105
2,C2116,364
3,C2336,766
1,C0762,5017
2,C3488,9712
3,C3325,9457
1,C4545,9229
2,C4373,7927
3,C1170,39
1,C4398,8967
2,C4695,6825
3,C2361,7838
1,C1695,3612
2,C2950,3322
3,C0597,1876
1,C2176,7304
2,C3089,1871
3,C1311,9330
1,C3305,1939
2,C3293,4512
3,C2749,9067
1,C1030,1379
2,C0761,7378
3,C1722,2268
1,C2247,922
2,C2764,7261
3,C1524,5127
1,C3080,7618
2,C4440,2405
3,C4367,7165
1,C1283,5318
2,C4766,4851
3,C2023,6478
1,C1042,3622
2,C3374,7141
3,C2766,7021
1,C3429,7160
2,C2515,2388
3,C3196,1208
1,C4041,8597
2,C2305,185
3,C3495,2537
1,C3439,6998
2,C4226,9498
3,C2655,4845
1,C0004,751
2,C0439,3739
3,C3601,3871
1,C4855,4650
2,C0793,130
3,C4783,391
1,C0053,350
2,C2563,3216
3,C4824,9046
1,C1782,733
2,C2084,3044
3,C4093,7995
1,C4761,979
2,C1626,6865
3,C1838,8032
1,C2879,5829
2,C3973,2
3,C0969,7118
1,C2602,599
2,C3462,5429
3,C2588,1194
1,C3747,3605
2,C3277,6387
3,C2547,1759
1,C1976,2541
2,C2557,9917
3,C2758,360
1,C2530,1151
2,C4637,8532
3,C0677,8397
1,C4248,3695
2,C1877,7692
3,C1618,9722
1,C3588,5353
2,C3231,8904
3,C4379,9321
1,C3186,3115
2,C2957,7502
3,C4668,4151
1,C4448,6787
2,C3522,4608
3,C2764,8357
1,C1625,9011
2,C1693,4317
3,C3063,7877
1,C1780,961
2,C0531,2190
3,C1640,8959
1,C1577,7333
2,C1225,1545
3,C2395,8355
1,C1670,9511
2,C4905,711
3,C2263,824
1,C1391,6390
2,C1695,9778
3,C3104,91
1,C4849,9875
2,C4692,7320
3,C1038,7878
1,C3469,5415
2,C4660,8473
3,C0338,3939
1,C1829,2796
2,C4704,6695
3,C3655,9299
1,C0103,6898
2,C3692,210
3,C4940,98
1,C1957,9291
2,C2296,7794
3,C1984,7794
1,C1972,2165
2,C1307,853
3,C4491,1766
1,C4720,8777
2,C2864,1248
3,C2808,4970
1,C3032,9471
2,C4057,8961
3,C3988,5422
1,C1227,2862
2,C3125,8440
3,C3101,1183
1,C4613,8438
2,C3184,7524
3,C1317,6270
1,C2837,8565
2,C0464,9403
3,C0133,2619
1,C0364,4601
2,C2847,4297
3,C4141,6203
1,C1774,7960
2,C4662,5068
3,C2301,9350
1,C4807,3657
2,C4692,9909
3,C1551,9174
1,C2507,3459
2,C0240,289
3,C1085,4967
1,C4730,1505
2,C3137,6402
3,C1492,7937
1,C0458,3839
2,C4073,8329
3,C0189,5750
1,C3899,4416
2,C4689,4361
3,C1666,176
1,C3888,7767
2,C1400,6466
3,C0926,9757
1,C2665,6648
2,C1485,8692
3,C1828,305
1,C4787,2678
2,C1053,5986
3,C1783,1219
1,C0996,524
2,C2454,5966
3,C3777,2640
1,C1353,7684
2,C1383,9791
3,C1740,9994
1,C4552,361
2,C1951,9425
3,C0753,3760
1,C0332,1311
2,C4196,7922
3,C3195,1776
1,C0932,2776
2,C2723,8348
3,C4439,4119
1,C3838,3130
2,C1154,7499
3,C0931,3650
1,C4334,8220
2,C4707,1809
3,C4316,7382
1,C3206,1264
2,C0027,4437
3,C3795,3608
1,C4448,6188
2,C3790,5277
3,C2094,9336
1,C2303,2074
2,C0354,4864
3,C2879,1553
1,C2259,8597
2,C3269,3257
3,C2847,2427
1,C2143,5286
2,C1610,5025
3,C2817,791
1,C1189,8954
2,C2620,2446
3,C2001,8582
1,C0936,1403
2,C2543,2083
3,C3021,7673
1,C1160,3262
2,C1193,8988
3,C0436,4194
1,C0151,9314
2,C3094,6657
3,C0806,1242
1,C2120,3840
2,C4320,3414
3,C1225,2419
1,C3588,8972
2,C3287,344
3,C2695,7389
1,C1900,5467
2,C4974,9691
3,C3969,9075
1,C4670,1010
2,C2821,2825
3,C4826,4535
1,C0482,8258
2,C4500,9344
3,C2754,5642
1,C1781,771
2,C2520,2444
3,C3262,3332
1,C4609,8045
2,C1131,520
3,C4478,5255
1,C0582,4203
2,C0315,4791
3,C0091,924
1,C4227,7944
2,C4807,35
3,C0867,9406
1,C1399,2614
2,C1761,937
3,C4654,2441
1,C0872,8428
2,C1849,2428
3,C1688,756
1,C2812,9388
2,C4491,21
3,C0614,4551
1,C1704,8230
2,C0457,4704
3,C2471,6236
1,C1309,9200
2,C2527,3272
3,C4793,9089
1,C1555,6392
2,C2676,7182
3,C2404,6105
1,C3407,4789
2,C1698,708
3,C4719,6099
1,C1525,1915
2,C2381,5130
3,C2325,2242
1,C0105,5481
2,C3380,2661
3,C2902,4766
1,C1944,6336
2,C1930,7674
3,C3411,2041
1,C4533,9223
2,C2811,9147
3,C3097,8486
1,C0054,9062
2,C0960,8261
3,C2182,5634
1,C0059,115
2,C1633,7507
3,C2922,605
1,C4092,7518
2,C0879,82
3,C0446,8104
1,C1459,7161
2,C3447,8868
3,C2737,1730
1,C3712,3698
2,C3520,7080
3,C1953,7575
1,C1358,4797
2,C4789,8653
3,C1438,2030
1,C0346,5040
2,C1980,4376
3,C1837,4763
1,C2501,7137
2,C3210,2287
3,C4884,516
1,C4407,9967
2,C4462,6872
3,C4107,1266
1,C4611,1685
2,C0136,4811
3,C3000,487
1,C1002,7228
2,C2653,9916
3,C4522,7642
1,C3771,3587
2,C0067,2001
3,C3113,7239
1,C4789,6083
2,C3288,5803
3,C2690,9945
1,C0413,4305
2,C3261,1555
3,C2182,3491
1,C3615,9855
2,C1827,3857
3,C4264,6961
1,C0098,6273
2,C1597,499
3,C4473,8576
1,C0629,5425
2,C4960,9222
3,C1929,7796
1,C2362,2263
2,C4594,1266
3,C1241,6965
1,C3251,1008
2,C1306,826
3,C2662,9727
1,C3069,9672
2,C4029,3431
3,C0325,6916
1,C2452,7668
2,C3115,8854
3,C4005,5138
1,C1454,9798
2,C3575,2455
3,C4759,7934
1,C2352,922
2,C2611,7787
3,C4761,5338
1,C2856,5347
2,C1263,2344
3,C2356,6545
1,C3868,27
2,C4603,6755
3,C2865,6144
1,C1897,1890
2,C4084,4758
3,C0002,161
1,C4578,3616
2,C0315,6434
3,C1150,9371
1,C3403,7965
2,C4918,7368
3,C4245,15
1,C4048,5190
2,C4396,6873
3,C2919,6579
1,C3007,946
2,C2037,7788
3,C3835,9585
1,C3369,3801
2,C2309,5309
3,C0678,8287
1,C1653,5326
2,C4744,4298
3,C4864,7208
1,C0503,4485
2,C1715,5685
3,C1261,2716
1,C0567,7417
2,C2313,9984
3,C1362,464
1,C1238,3861
2,C0228,7066
3,C0040,4591
1,C2375,4953
2,C3535,2438
3,C0110,3643
1,C3078,6176
2,C2505,4774
3,C0926,8627
1,C4496,2414
2,C4527,1463
3,C0990,2756
1,C1030,8282
2,C4263,800
3,C3806,7754
1,C4722,654
2,C3837,3361
3,C4864,5890
1,C1954,7610
2,C4494,3328
3,C4453,8445
1,C1696,5567
2,C2581,3862
3,C4123,8404
1,C1104,6729
2,C2617,2370
3,C1131,5069
1,C4916,2908
2,C3530,5612
3,C4417,1455
1,C4781,9567
2,C0761,5905
3,C2315,1016
1,C0214,9544
2,C1776,6664
3,C1372,6890
1,C2981,1315
2,C2671,172
3,C3136,331
1,C3492,4357
2,C4100,3375
3,C1288,6924
1,C1316,4988
2,C4599,5344
3,C4399,5529
1,C1987,4642
2,C2824,5465
3,C4913,2862
1,C0922,7515
2,C3014,3458
3,C0667,3092
1,C4905,7130
2,C4350,1532
3,C2468,8053
1,C3462,7908
2,C0213,8697
3,C0195,651
1,C1149,4882
2,C4927,8026
3,C4885,5292
1,C3005,3430
2,C0934,9273
3,C1272,2849
1,C3434,1273
2,C4350,1795
3,C4692,7234
1,C4410,8311
2,C3068,1527
3,C0977,3170
1,C4158,9882
2,C0156,9945
3,C4654,724
1,C0736,4838
2,C4579,9711
3,C2127,8556
1,C0567,7235
2,C4430,2183
3,C2988,5931
1,C3586,4609
2,C3569,210
3,C0113,7340
1,C0387,8974
2,C4418,1668
3,C0546,4661
1,C0677,5316
2,C1371,6404
3,C1591,1412
1,C2703,9065
2,C1088,7836
3,C4910,688
1,C0539,5547
2,C2813,5436
3,C3666,1953
1,C2963,6808
2,C1196,9630
3,C4648,3099
1,C0024,1635
2,C1934,9999
3,C1294,1717
1,C0806,667
2,C4373,4743
3,C0288,6853
1,C4140,3216
2,C0982,8123
3,C0302,9227
1,C3809,919
2,C3125,7509
3,C4799,8674
1,C3933,4318
2,C1863,7684
3,C3211,6855
1,C4334,3478
2,C0031,22
3,C3216,7190
1,C2878,9868
2,C0572,7686
3,C3055,2436
1,C4143,7269
2,C4939,1026
3,C3576,4608
1,C3077,4679
2,C2096,5268
3,C0761,8365
1,C4759,1604
2,C1877,3042
3,C0372,4757
1,C0431,5139
2,C0849,9358
3,C0018,8182
1,C2445,4793
2,C3453,8777
3,C2648,1167
1,C0302,1234
2,C1121,7600
3,C2191,4733
1,C3026,2880
2,C4538,3351
3,C2724,3352
1,C3088,4769
2,C3951,6341
3,C3356,4687
1,C4690,3439
2,C4197,5817
3,C0134,9665
1,C2901,3923
2,C4155,6784
3,C1868,8477
1,C3177,8010
2,C4862,6783
3,C0700,4768
1,C1066,3175
2,C4246,2997
3,C4951,3191
1,C1170,9274
2,C3395,3694
3,C4459,7676
1,C0762,2925
2,C4012,6534
3,C2382,5577
1,C0038,1627
2,C0837,9197
3,C2557,1333
1,C3520,4410
2,C1916,9994
3,C1292,1681
1,C0597,1915
2,C2649,173
3,C3071,778
1,C1314,4269
2,C2341,1749
3,C2127,388
1,C1930,1602
2,C2845,2329
3,C3791,2258
1,C4334,3809
2,C4990,1354
3,C0406,1630
1,C3150,1808
2,C0948,6089
3,C0804,6285
1,C2508,1318
2,C2734,317
3,C3994,213
1,C2104,6093
2,C1593,1257
3,C3369,9425
1,C4750,1499
2,C0249,8627
3,C2992,8274
1,C1435,6606
2,C2837,8405
3,C3189,9587
1,C1635,5108
2,C2013,996
3,C4317,8544
1,C3500,2402
2,C0998,143
3,C4410,992
1,C2018,2422
2,C3219,9000
3,C4505,1415
1,C2939,9171
2,C2746,3538
3,C4335,1856
1,C2096,323
2,C4216,4608
3,C0636,7138
1,C4481,3615
2,C1358,7807
3,C3933,3764
1,C3868,3509
2,C0860,4926
3,C3357,7424
1,C3860,4444
2,C1728,5687
3,C3531,6955
1,C4636,7493
2,C2270,2101
3,C4076,1885
1,C2716,5828
2,C1800,9455
3,C0262,4514
1,C3844,4899
2,C0105,4271
3,C1707,7733
1,C0099,7398
2,C2466,8448
3,C1846,119
1,C3756,2013
2,C2668,2980
3,C2972,3312
1,C1730,1375
2,C0147,2216
3,C0714,6560
1,C1150,701
2,C4975,9872
3,C4946,671
1,C3826,139
2,C2344,5314
3,C3831,4293
1,C1232,89
2,C2803,3871
3,C3270,8193
1,C0985,392
2,C1698,838
3,C1896,1404
1,C2763,5336
2,C0800,1328
3,C4159,7713
1,C0228,1867
2,C4425,3247
3,C2561,6336
1,C3696,8767
2,C3331,6712
3,C0335,8719
1,C0085,3288
2,C4094,6190
3,C0764,4964
1,C1142,4920
2,C4176,991
3,C0149,7067
1,C0399,2200
2,C0194,4666
3,C4066,4418
1,C0722,3328
2,C0031,7832
3,C4294,9455
1,C1762,9325
2,C3157,7992
3,C0483,9435
1,C4560,7783
2,C3242,7053
3,C0805,3600
1,C2046,570
2,C1756,1379
3,C0873,9343
1,C4027,9774
2,C4840,4614
3,C3548,6825
1,C0996,3266
2,C2434,9218
3,C2707,3298
1,C3009,5531
2,C1041,6860
3,C1234,5630
1,C3414,7131
2,C1449,5207
3,C3370,5070
1,C4710,7144
2,C1103,764
3,C3918,1911
1,C4111,5750
2,C0025,9954
3,C3783,2811
1,C2909,6919
2,C2104,1991
3,C0569,9046
1,C4649,9161
2,C4704,2847
3,C2156,1556
1,C4206,337
2,C4638,4186
3,C4524,7777
1,C3053,7123
2,C3219,8980
3,C4541,6911
1,C3474,9935
2,C1567,3641
3,C0788,3746
1,C3220,7322
2,C4048,3126
3,C1595,3105
1,C0219,6811
2,C2579,7474
3,C1216,2814
1,C1006,1493
2,C2759,6285
3,C4964,9252
1,C2688,9098
2,C0076,7176
3,C1284,8803
1,C2816,2538
2,C4167,1628
3,C0980,9341
1,C0191,7796
2,C4691,2663
3,C2501,3970
1,C4913,2949
2,C3985,7216
3,C3628,1034
1,C1153,9797
2,C4137,8232
3,C3167,2843
1,C3589,8812
2,C4356,6271
3,C0971,3810
1,C0786,4198
2,C1411,9606
3,C0233,8170
1,C4085,5367
2,C2178,9022
3,C2741,9570
1,C1319,8408
2,C3113,2935
3,C1004,7039
1,C0886,6065
2,C1764,8230
3,C3691,4497
1,C0833,5857
2,C2903,3747
3,C2302,8872
1,C0695,3270
2,C2501,3574
3,C4911,6779
1,C0580,4631
2,C2909,2166
3,C1465,8852
1,C1826,4978
2,C0626,7262
3,C2160,9346
1,C4536,7082
2,C3675,3514
3,C4642,7237
1,C0841,2301
2,C2108,8127
3,C4358,5960
1,C0206,3295
2,C2179,8561
3,C3026,5279
1,C0619,9037
2,C2105,3299
3,C1630,3856
1,C0512,3877
2,C3033,4157
3,C3588,6922
1,C2816,9743
2,C2234,8669
3,C1500,5031
1,C4760,9726
2,C4498,6354
3,C4784,706
1,C1542,2746
2,C2003,2860
3,C1947,174
1,C3878,6773
2,C1244,497
3,C1989,9336
1,C1823,7330
2,C3418,5186
3,C4354,8967
1,C3472,2327
2,C1036,2549
3,C3072,3516
1,C1947,9665
2,C1636,2159
3,C3845,3487
1,C3871,8359
2,C1162,1386
3,C2990,4022
1,C4597,83
2,C3864,9241
3,C2906,1617
1,C0995,9093
2,C1973,9217
3,C2098,9816
1,C0941,8785
2,C0817,6677
3,C3113,8786
1,C3312,4672
2,C0390,8285
3,C3724,2017
1,C1308,4259
2,C1262,6493
3,C1858,4451
1,C3239,5422
2,C0927,3271
3,C0903,6614
1,C2563,6613
2,C0616,332
3,C0350,1488
1,C2840,1260
2,C2700,5532
3,C3988,5535
1,C1023,8937
2,C0726,8785
3,C1278,6856
1,C4887,1497
2,C0350,8697
3,C1339,7900
1,C1141,2071
2,C3748,6494
3,C3091,348
1,C4297,1024
2,C3742,2405
3,C1067,6464
1,C3210,7556
2,C1404,5390
3,C2334,1419
1,C4995,6875
2,C2450,846
3,C1001,5569
1,C0154,1732
2,C1905,1844
3,C1280,1064
1,C4981,4298
2,C4559,6391
3,C0315,1063
1,C2987,727
2,C3234,8573
3,C4816,9162
1,C1307,4047
2,C2516,8239
3,C0733,7290
1,C3397,7504
2,C2803,3055
3,C3460,6053
1,C0177,7407
2,C1251,2577
3,C2174,1262
1,C2587,6265
2,C0109,4974
3,C1037,3382
1,C2966,561
2,C2491,4280
3,C0223,3518
1,C2451,6286
2,C0810,8221
3,C1994,2042
1,C4016,8135
2,C1164,7708
3,C1808,8099
1,C2615,2828
2,C1594,7301
3,C4436,3182
1,C4176,4165
2,C2485,9194
3,C1917,940
1,C4070,7981
2,C1339,2733
3,C2057,8238
1,C3950,2022
2,C3881,7705
3,C4883,1976
1,C0593,120
2,C2482,5301
3,C4200,1023
1,C0628,7575
2,C1272,5415
3,C0515,3426
1,C4532,656
2,C4816,7620
3,C1090,5838
1,C1121,9065
2,C2335,4565
3,C0142,1757
1,C4649,9132
2,C3580,4943
3,C4204,8866
1,C1735,5956
2,C4420,269
3,C0569,3176
1,C0519,3353
2,C4677,2561
3,C4934,3643
1,C2704,5612
2,C0628,4909
3,C2516,7168
1,C0445,6654
2,C2656,4523
3,C0129,2353
1,C3706,1959
2,C4218,4911
3,C4901,2374
1,C4812,6226
2,C2788,4775
3,C2213,6556
1,C0873,1283
2,C0425,8616
3,C3151,5952
1,C0452,6647
2,C1890,3818
3,C3033,2317
1,C1293,8710
2,C4305,4688
3,C0685,5584
1,C0337,2452
2,C4168,300
3,C2676,416
1,C2239,6727
2,C3406,2162
3,C0626,630
1,C2366,7151
2,C4467,7438
3,C3908,1694
1,C4639,5303
2,C3664,2247
3,C2462,2119
1,C3994,7487
2,C2425,1777
3,C2044,6114
1,C4815,3138
2,C0716,3265
3,C1911,7632
1,C1119,8114
2,C0258,5844
3,C2143,4009
1,C4114,1930
2,C1971,5025
3,C3441,2359
1,C0286,5233
2,C1798,6943
3,C4207,7076
1,C2659,9138
2,C2876,3276
3,C3410,6759
1,C1329,6658
2,C4135,7064
3,C2534,1699
1,C2416,724
2,C0210,4419
3,C2152,4765
1,C2770,7494
2,C0068,5295
3,C1802,9871
1,C3176,583
2,C1730,4580
3,C0626,2744
1,C1134,7975
2,C2374,3848
3,C1071,5529
1,C3706,8489
2,C0141,4134
3,C4274,1519
1,C0193,3051
2,C2498,2760
3,C0720,7147
1,C0856,8818
2,C0046,7437
3,C1928,5246
1,C3338,9156
2,C0217,6356
3,C0897,8472
1,C3453,5842
2,C3569,2149
3,C2840,9453
1,C2361,4745
2,C1145,7871
3,C2053,6748
1,C0617,4088
2,C0692,4720
3,C2750,7580
1,C0504,9732
2,C3023,5509
3,C3001,5474
1,C3171,2952
2,C0383,4411
3,C4677,877
1,C4383,4812
2,C2853,4977
3,C4010,4578
1,C3322,5388
2,C4919,5747
3,C1250,5846
1,C2826,2395
2,C0204,9637
3,C3060,8245
1,C1023,2498
2,C0793,9550
3,C0096,7807
1,C3022,9285
2,C2251,6000
3,C0516,4748
1,C2664,1852
2,C0390,2815
3,C1814,7665
1,C3780,9352
2,C1448,3904
3,C0091,9188
1,C2603,6752
2,C3452,4873
3,C2680,440
1,C2294,3220
2,C2063,2757
3,C2701,2244
1,C4795,9598
2,C0434,2681
3,C0148,7548
1,C0234,8356
2,C3332,1151
3,C0160,1691
1,C1735,7554
2,C2121,630
3,C2101,8170
1,C2270,9258
2,C0832,651
3,C0963,5105
1,C2065,405
2,C1282,6257
3,C4214,7040
1,C3908,6160
2,C4631,2756
3,C3151,5465
1,C3525,4374
2,C3494,2270
3,C3848,5825
1,C4499,7546
2,C2204,826
3,C1080,8203
1,C4623,3621
2,C1829,5059
3,C0174,1615
1,C4807,3966
2,C4875,6915
3,C0747,6681
1,C3575,4101
2,C3769,5813
3,C3720,5074
1,C2356,5033
2,C1038,2157
3,C4324,5864
1,C0666,4868
2,C3943,7371
3,C0539,6421
1,C2037,5958
2,C2559,2614
3,C0410,8913
1,C1318,6607
2,C4606,6268
3,C4374,9674
1,C1396,3491
2,C1689,143
3,C2829,3222
1,C0536,9376
2,C4363,5501
3,C4396,4505
1,C0357,1257
2,C1010,5557
3,C1335,350
1,C1899,6357
2,C1348,1945
3,C4277,3567
1,C0241,3173
2,C2431,230
3,C1955,3766
1,C2443,7329
2,C0347,3378
3,C4031,9622
1,C4196,1765
2,C2574,4643
3,C1900,6185
1,C1717,2596
2,C2673,2106
3,C1612,8944
1,C2809,1449
2,C0488,7413
3,C0393,7962
1,C3302,4058
2,C1404,5948
3,C3690,9267
1,C4185,6824
2,C4202,4932
3,C2163,3098
1,C3912,3982
2,C4818,7279
3,C4794,1072
1,C1184,4488
2,C4693,7884
3,C1518,5690
1,C4542,9831
2,C3087,9531
3,C2057,5211
1,C1076,4169
2,C1487,2671
3,C3431,4010
1,C4569,5770
2,C0286,9527
3,C2173,1897
1,C1993,8070
2,C0291,5825
3,C0505,3624
1,C2528,9129
2,C3884,5075
3,C3100,1824
1,C2032,9537
2,C2731,4952
3,C0877,8278
1,C2990,3791
2,C1168,1668
3,C1258,8057
1,C1889,2214
2,C3247,7065
3,C0410,1398
1,C0690,370
2,C4300,3231
3,C0883,6841
1,C0862,6763
2,C4040,2393
3,C4455,8376
1,C4588,4660
2,C3383,4161
3,C1533,2047
1,C4940,5130
2,C0282,3481
3,C2468,5178
1,C1671,1995
2,C1386,3231
3,C2769,9
1,C3445,9636
2,C3457,4253
3,C0010,1938
1,C4977,1837
2,C4083,1719
3,C2652,7873
1,C0267,4162
2,C0535,6460
3,C0999,7113
1,C2800,3586
2,C2237,3117
3,C1651,1512
1,C0875,4231
2,C1795,2121
3,C0368,8595
1,C4387,506
2,C4382,4149
3,C0982,2239
1,C1281,6662
2,C3353,7952
3,C2285,658
1,C2848,7814
2,C1228,1096
3,C1698,2061
1,C3167,9917
2,C3500,5783
3,C0327,1837
1,C4617,525
2,C3519,6305
3,C3473,6677
1,C2532,4482
2,C0610,5037
3,C3959,9421
1,C0338,7681
2,C3962,2858
3,C1880,6044
1,C2665,759
2,C1613,1121
3,C2439,5442
1,C3460,4503
2,C4554,3185
3,C1891,6956
1,C0082,5520
2,C1861,7416
3,C2199,6749
1,C0706,6389
2,C4093,1934
3,C2457,3957
1,C4144,5219
2,C2491,1311
3,C1825,4934
1,C2028,1175
2,C4343,9268
3,C0329,4665
1,C2238,7946
2,C1956,9892
3,C2308,1018
1,C4234,9613
2,C0472,9800
3,C3167,6532
1,C3742,6120
2,C2051,1387
3,C4404,8822
1,C2430,7470
2,C0575,5957
3,C3977,9987
1,C2629,3745
2,C4342,7927
3,C1993,9245
1,C2538,8838
2,C0046,4759
3,C0039,2772
1,C1979,6598
2,C4480,458
3,C4680,770
1,C4755,8585
2,C0245,8887
3,C2686,9123
1,C2399,9137
2,C1599,11
3,C2140,1863
1,C4352,8346
2,C1858,9805
3,C1486,642
1,C3058,1729
2,C4589,4985
3,C3053,6121
1,C4251,605
2,C1750,1856
3,C3162,4111
1,C3303,4143
2,C1268,7113
3,C4508,7549
1,C3898,5329
2,C2053,7638
3,C1397,6744
1,C0493,6133
2,C1603,5813
3,C0275,3366
1,C1090,3098
2,C1155,8196
3,C0418,5074
1,C3787,8753
2,C3053,452
3,C2652,4702
1,C0612,2407
2,C1099,440
3,C4190,2784
1,C3233,9839
2,C2036,4023
3,C4881,9125
1,C0394,6781
2,C1880,716
3,C4197,1175
1,C0053,6398
2,C2745,7511
3,C1325,2445
1,C4686,964
2,C0252,7802
3,C2839,4010
1,C3062,9435
2,C2317,2272
3,C1124,7056
1,C1966,668
2,C2908,1204
3,C2816,673
1,C4178,3519
2,C2419,7342
3,C0458,854
1,C1994,1205
2,C4955,5486
3,C2147,7092
1,C2789,4142
2,C3490,7588
3,C4587,3498
1,C4515,1146
2,C0292,2275
3,C1391,287
1,C4570,98
2,C4907,1140
3,C4998,1069
1,C0603,6987
2,C0804,421
3,C4196,5697
1,C4592,7314
2,C0537,2669
3,C2889,7043
1,C2572,4143
2,C3192,4757
3,C3122,1946
1,C4147,7491
2,C2004,3907
3,C1798,5016
1,C1176,4044
2,C3476,4036
3,C3265,3277
1,C4215,8306
2,C3379,9524
3,C4229,2939
1,C0052,9558
2,C0011,2856
3,C0254,3282
1,C1381,4729
2,C1093,52
3,C3657,7275
1,C2476,1613
2,C1920,7995
3,C1517,8312
1,C0507,2849
2,C0333,1524
3,C4054,5705
1,C4781,7829
2,C1642,6036
3,C3027,9343
1,C3063,2356
2,C2947,6250
3,C4875,5097
1,C3711,8656
2,C0386,3787
3,C2859,6417
1,C1038,7062
2,C2266,9331
3,C2039,5425
1,C4806,7437
2,C2015,3572
3,C3504,1953
1,C4343,4465
2,C2361,6849
3,C0874,98
1,C2053,9816
2,C4140,5696
3,C2406,6920
1,C1766,8787
2,C1400,8832
3,C0252,3457
1,C0888,8314
2,C1133,8145
3,C4977,622
1,C3086,2238
2,C0687,7313
3,C0074,1960
1,C2722,1145
2,C0602,6033
3,C4381,8264
1,C3840,2178
2,C0288,529
3,C2300,6209
1,C2505,8045
2,C2988,7854
3,C3740,675
1,C0645,2439
2,C3563,6535
3,C0589,1235
1,C0390,3919
2,C3038,9364
3,C2722,2541
1,C3276,4543
2,C1619,1802
3,C4975,9769
1,C1639,3335
2,C0026,2806
3,C3379,963
1,C3731,5009
2,C4583,3846
3,C4569,4033
1,C1010,9076
2,C3395,3480
3,C0970,8335
1,C2579,6235
2,C2423,2532
3,C3571,6069
1,C3909,1219
2,C0960,7823
3,C4261,7440
1,C0003,9071
2,C2937,555
3,C3413,4497
1,C2247,4209
2,C3283,6680
3,C0345,6090
1,C2298,139
2,C4078,7411
3,C3268,3010
1,C3204,5422
2,C1628,7316
3,C3947,2697
1,C4862,8612
2,C1517,258
3,C4804,7412
1,C2151,8793
2,C1737,9052
3,C4780,4847
1,C3799,8309
2,C4119,8602
3,C1448,8677
1,C4813,3337
2,C4149,9863
3,C1089,1494
1,C1419,8009
2,C2303,106
3,C1326,9216
1,C2132,6800
2,C2853,3440
3,C0303,4748
1,C1433,182
2,C1444,9111
3,C2689,1154
1,C0816,8063
2,C0813,3404
3,C0097,6606
1,C1232,9177
2,C4876,6730
3,C2128,3345
1,C1143,8273
2,C2428,8122
3,C1649,2368
1,C2708,8757
2,C4691,2283
3,C0335,3266
1,C0965,2192
2,C0878,9831
3,C1351,6752
1,C2041,5025
2,C4736,3575
3,C3409,3005
1,C2118,8081
2,C3926,1984
3,C4814,4701
1,C0548,166
2,C1842,196
3,C4717,7155
1,C4392,7227
2,C0514,8588
3,C3331,1491
1,C1746,3536
2,C3398,8216
3,C1534,6722
1,C1906,9073
2,C4755,4472
3,C0016,1736
1,C3212,9326
2,C0729,3391
3,C2534,5042
1,C1716,3111
2,C2408,4940
3,C0919,469
1,C4177,1372
2,C2038,1643
3,C0128,9806
1,C1481,4997
2,C1373,481
3,C3139,3220
1,C3528,1941
2,C1959,3138
3,C0736,7958
1,C2260,7399
2,C4524,3686
3,C2368,8020
1,C0503,6795
2,C0606,5640
3,C4596,5566
1,C2850,5707
2,C2260,2398
3,C1340,3024
1,C4985,996
2,C1471,4743
3,C1491,9246
1,C4763,5841
2,C4903,1552
3,C4638,1901
1,C1085,2291
2,C0411,8962
3,C2134,8854
1,C1362,1630
2,C1102,2995
3,C3069,5271
1,C4719,9720
2,C3886,1341
3,C1631,830
1,C3119,8051
2,C4711,5158
3,C1834,4836
1,C2734,1660
2,C1341,5401
3,C2282,888
1,C2626,436
2,C4495,9921
3,C2865,2735
1,C1103,5497
2,C3404,9730
3,C3383,5849
1,C4421,5956
2,C1852,5353
3,C1670,5531
1,C0965,7033
2,C3309,4688
3,C4146,7064
1,C3701,6878
2,C0217,8446
3,C2505,2455
1,C4506,9324
2,C3207,1666
3,C4069,7697
1,C2201,4293
2,C0889,994
3,C4604,5454
1,C0123,7594
2,C0625,2685
3,C1484,8239
1,C1958,1652
2,C2052,2798
3,C3697,8117
1,C2972,6029
2,C3142,5177
3,C3154,1742
1,C4162,8181
2,C4267,5589
3,C1873,9769
1,C1215,7932
2,C1055,3115
3,C2977,9526
1,C1713,1641
2,C0023,1733
3,C0937,6417
1,C0751,3456
2,C2804,6689
3,C0881,6428
1,C2124,4227
2,C0131,217
3,C2155,3586
1,C1764,8545
2,C1465,435
3,C2188,1900
1,C3232,2384
2,C0180,2065
3,C2416,696
1,C3781,1641
2,C1104,3318
3,C0252,476
1,C4524,6746
2,C2217,3260
3,C1373,9950
1,C4166,247
2,C4107,7781
3,C3227,3496
1,C0923,2885
2,C1186,1910
3,C4465,1898
1,C4559,5886
2,C1148,1973
3,C4620,4265
1,C3755,4110
2,C1761,2688
3,C1474,542
1,C3222,813
2,C4973,3902
3,C3167,7414
1,C3403,4787
2,C0414,9594
3,C2718,7135
1,C0903,4970
2,C2120,4450
3,C0974,1443
1,C2955,3252
2,C0257,158
3,C4146,4580
1,C0320,8112
2,C0158,6262
3,C4214,2066
1,C4053,1245
2,C4449,6237
3,C2049,2842
1,C4328,6685
2,C3581,5163
3,C0860,9407
1,C4461,2154
2,C0269,7952
3,C3707,4837
1,C1180,1535
2,C4304,8598
3,C3282,6273
1,C1927,1631
2,C1381,9978
3,C4415,590
1,C4502,5562
2,C3601,6934
3,C4510,1650
1,C3866,3235
2,C4187,4873
3,C1155,4104
1,C1919,7661
2,C2359,8899
3,C3319,6012
1,C2385,8637
2,C4070,3064
3,C1762,6966
1,C0247,9653
2,C1802,5163
3,C3570,8931
1,C0484,6258
2,C4215,8192
3,C0067,8574
1,C4351,6036
2,C3558,998
3,C1243,5560
1,C0784,7341
2,C0036,101
3,C2098,367
1,C2776,476
2,C0223,2577
3,C3575,5436
1,C2590,9069
2,C1398,16
3,C3436,7536
1,C1547,6453
2,C2720,9446
3,C3760,690
1,C1914,7308
2,C1980,5300
3,C0224,8955
1,C0027,1324
2,C2908,868
3,C2090,6410
1,C3744,4962
2,C0467,3032
3,C1329,1943
1,C0724,4799
2,C2954,7062
3,C2781,8231
1,C4546,1539
2,C4951,1061
3,C2188,7855
1,C3347,6279
2,C4506,5014
3,C2236,8999
1,C0929,3122
2,C4842,5050
3,C4781,7360
1,C4864,4669
2,C3779,761
3,C2399,9178
1,C2890,4823
2,C0966,331
3,C3017,7504
1,C3349,1143
2,C1355,1720
3,C0371,7395
1,C1777,4058
2,C4785,8543
3,C2163,6470
1,C0001,6958
2,C2847,9518
3,C3930,2860
1,C0226,5921
2,C1866,8962
3,C2903,7284
1,C1224,8187
2,C2179,13
3,C3481,268
1,C0335,3119
2,C2324,4329
3,C0396,9044
1,C2506,4290
2,C3495,2418
3,C2120,5192
1,C2358,8958
2,C1221,7235
3,C1624,1216
1,C0945,2843
2,C4429,8481
3,C3827,5191
1,C1517,1013
2,C4077,9171
3,C2951,6587
1,C1439,8700
2,C2721,981
3,C4460,2880
1,C4836,8239
2,C0639,3089
3,C0572,4085
1,C2805,3463
2,C1608,566
3,C3131,5093
1,C3180,4975
2,C4919,9164
3,C2376,6896
1,C4031,9333
2,C0628,6924
3,C3386,2193
1,C3052,5451
2,C1014,7414
3,C0912,1669
1,C3799,5090
2,C1200,167
3,C4414,902
1,C1155,7740
2,C3635,7606
3,C2085,5209
1,C4236,8541
2,C1748,4388
3,C3499,5306
1,C0180,4672
2,C4628,8018
3,C3823,2904
1,C0493,5115
2,C2108,1371
3,C0118,5517
1,C4844,6378
2,C4732,9107
3,C0164,3640
1,C4891,9486
2,C2478,3983
3,C2845,403
1,C0410,4049
2,C2872,2244
3,C0209,3522
1,C1572,3137
2,C3593,9917
3,C3445,8005
1,C0065,4082
2,C2137,5040
3,C4725,6989
1,C4679,1448
2,C4725,8416
3,C0143,9966
1,C3403,5405
2,C2951,1995
3,C0234,6683
1,C0137,2265
2,C0374,1154
3,C3821,2451
1,C2003,2995
2,C2097,4553
3,C2347,9889
1,C4774,3836
2,C4252,8491
3,C1755,2027
1,C0836,1561
2,C0334,7099
3,C3202,3170
1,C4432,1526
2,C1374,6772
3,C3104,854
1,C2116,5123
2,C0158,975
3,C1831,2647
1,C2025,13
2,C4258,3193
3,C0224,6881
1,C1956,2835
2,C2745,713
3,C1064,3933
1,C0836,421
2,C3317,9663
3,C0640,3857
1,C0569,2596
2,C2637,9455
3,C4514,9214
1,C3934,4759
2,C4621,6226
3,C1874,935
1,C0277,8623
2,C4692,8576
3,C2379,3483
1,C1095,8867
2,C0908,1266
3,C3458,2823
1,C3011,4264
2,C0979,5659
3,C3362,1637
1,C3471,8436
2,C2368,7144
3,C1123,4709
1,C1006,5342
2,C0985,9231
3,C2287,7279
1,C2151,5440
2,C2818,2194
3,C1160,9838
1,C0426,5033
2,C0328,6826
3,C1271,3154
1,C0203,1618
2,C2793,5568
3,C0207,115
1,C4919,1867
2,C1629,2590
3,C2096,9364
1,C4949,6957
2,C0017,2907
3,C3101,9656
1,C2980,1575
2,C3932,7651
3,C4160,7810
1,C0375,8968
2,C4739,4433
3,C3441,1306
1,C0586,5888
2,C3605,6881
3,C4400,460
1,C3574,4612
2,C3819,2075
3,C4029,6420
1,C3710,6544
2,C0183,3960
3,C4592,6155
1,C0354,4757
2,C1413,9300
3,C4816,9306
1,C2026,9151
2,C4186,75
3,C4143,707
1,C4464,4541
2,C3168,9541
3,C4877,7502
1,C2726,6406
2,C2878,791
3,C1679,3524
1,C3750,3137
2,C0162,9657
3,C4163,935
1,C0509,6577
2,C3959,6994
3,C3054,8332
1,C4726,94
2,C3084,8259
3,C2583,3399
1,C3822,7576
2,C3774,1379
3,C0855,8100
1,C3876,2688
2,C3693,5935
3,C0152,1614
1,C3247,2241
2,C2471,5610
3,C4108,6375
1,C4324,6581
2,C4539,2970
3,C0396,7996
1,C1169,8654
2,C3349,6890
3,C4706,949
1,C1777,4631
2,C4210,3322
3,C0231,9790
1,C4639,1726
2,C3533,2597
3,C0729,8199
1,C0996,2041
2,C4197,6188
3,C3202,1974
1,C2775,52
2,C2177,9006
3,C1127,2605
1,C4455,8798
2,C3075,6999
3,C1599,8817
1,C0922,2699
2,C2140,5346
3,C4632,5022
1,C1669,6514
2,C4877,4473
3,C3462,8666
1,C2188,9298
2,C3040,334
3,C1993,2307
1,C3953,8390
2,C2696,9008
3,C2295,4880
1,C2319,6849
2,C4530,6239
3,C4273,8364
1,C3332,4394
2,C0983,7529
3,C2207,2890
1,C0190,2912
2,C0225,9677
3,C0852,2972
1,C4060,672
2,C4082,8783
3,C3133,1952
1,C1640,2258
2,C2849,5916
3,C0869,7472
1,C4444,4036
2,C4911,9674
3,C3483,9068
1,C2456,1188
2,C0991,7817
3,C3835,4100
1,C0902,2267
2,C3002,6693
3,C1024,5273
1,C3517,2062
2,C1393,4090
3,C4679,2729
1,C0404,921
2,C2027,8461
3,C2750,5143
1,C4125,3900
2,C2278,6802
3,C3791,5509
1,C2090,2009
2,C4373,7594
3,C1230,7300
1,C2276,9338
2,C4324,5548
3,C1957,3049
1,C2128,2720
2,C3605,7180
3,C4057,7530
1,C3015,9404
2,C3474,8258
3,C1148,8747
1,C1152,1554
2,C3677,9597
3,C1708,8221
1,C3057,5221
2,C2085,9402
3,C4154,8658
1,C3216,756
2,C4649,380
3,C3770,748
1,C0013,1592
2,C3045,269
3,C2577,7392
1,C0721,5483
2,C0527,8989
3,C3789,9903
1,C1025,4288
2,C1264,4038
3,C4503,6468
1,C3853,4584
2,C4191,5208
3,C4486,5212
1,C0541,4830
2,C4272,7874
3,C2919,8144
1,C0232,6033
2,C1933,9941
3,C0461,7945
1,C0491,1741
2,C0110,6119
3,C1447,3162
1,C4271,5924
2,C3509,8383
3,C4051,3307
1,C1926,5709
2,C1123,7891
3,C2975,766
1,C3839,2148
2,C1730,1701
3,C0713,5161
1,C1634,3587
2,C1691,6529
3,C3551,801
1,C1207,3417
2,C3654,473
3,C0299,5139
1,C3843,8366
2,C2458,5264
3,C3125,6577
1,C1161,9010
2,C4363,3156
3,C2800,5159
1,C1782,8956
2,C3615,3737
3,C0938,918
1,C3854,905
2,C1692,7313
3,C1964,8989
1,C3455,2468
2,C4677,7124
3,C0098,2393
1,C4668,3924
2,C2784,8041
3,C1231,6100
1,C2676,835
2,C0647,5783
3,C3702,2613
1,C4810,1623
2,C4556,7737
3,C2635,2300
1,C3963,975
2,C1113,7602
3,C3572,6024
1,C1177,9687
2,C1085,7064
3,C2702,2438
1,C1204,5086
2,C1478,7799
3,C3440,5179
1,C2905,7303
2,C4814,8863
3,C1155,6207
1,C0673,5562
2,C2118,4529
3,C4207,9527
1,C1744,7751
2,C3276,5879
3,C0127,3035
1,C4899,4269
2,C4333,8391
3,C0301,1254
1,C1412,5804
2,C2229,2425
3,C1879,4198
1,C0401,995
2,C4998,5244
3,C1820,1772
1,C3537,3471
2,C1426,6793
3,C0924,4558
1,C2992,9622
2,C1752,5397
3,C2203,4343
1,C4983,6177
2,C2161,1779
3,C2318,2847
1,C1229,294
2,C3331,3491
3,C2995,1580
1,C2295,4452
2,C1587,3107
3,C4140,8199
1,C1473,7694
2,C0335,6040
3,C4546,9207
1,C1349,8885
2,C3386,1040
3,C2135,711
1,C2684,2318
2,C3612,873
3,C2551,7651
1,C1336,7857
2,C3241,314
3,C4106,5368
1,C0383,5494
2,C3487,6726
3,C0833,2366
1,C0181,2817
2,C0494,7664
3,C3225,3231
1,C4044,4827
2,C3706,4055
3,C1458,4069
1,C4352,8207
2,C1031,5315
3,C3961,6239
1,C3524,8571
2,C1744,9870
3,C3063,8441
1,C1214,1420
2,C2255,5510
3,C2277,1458
1,C4050,840
2,C1959,417
3,C3933,5860
1,C2976,4599
2,C3847,3046
3,C4990,1043
1,C3018,436
2,C2135,1990
3,C4444,1305
1,C2454,6019
2,C3056,2470
3,C0675,3631
1,C1643,7645
2,C3280,5473
3,C0924,7480
1,C4340,4047
2,C0373,7230
3,C0785,6482
1,C3902,5103
2,C1839,8986
3,C4238,7652
1,C4470,2791
2,C0826,3285
3,C4560,1980
1,C2483,112
2,C0855,6095
3,C2709,5170
1,C3876,1006
2,C0223,8816
3,C3033,166
1,C4477,8322
2,C1347,9754
3,C3095,9261
1,C4241,4081
2,C1955,2763
3,C3168,9353
1,C2578,3541
2,C3667,6290
3,C1227,7659
1,C1188,4773
2,C4670,2306
3,C3075,8930
1,C3032,9551
2,C2163,7340
3,C0425,2349
1,C2937,7718
2,C1669,8041
3,C2269,1778
1,C3177,9623
2,C0326,779
3,C4351,1354
1,C4151,8105
2,C3239,7490
3,C3353,2333
1,C4861,8255
2,C4344,7825
3,C1721,279
1,C0650,4872
2,C2178,4753
3,C2358,3179
1,C2982,6070
2,C2070,1524
3,C0462,7122
1,C0317,6793
2,C2628,4733
3,C3919,32
1,C3727,3148
2,C3546,7185
3,C4745,3298
1,C2971,9875
2,C1688,2340
3,C1593,6768
1,C2661,5392
2,C2787,2268
3,C4976,9501
1,C4805,5966
2,C1048,6367
3,C1930,1076
1,C4974,4352
2,C4098,6213
3,C2492,7776
1,C4100,4441
2,C1120,422
3,C4515,8542
1,C0116,3510
2,C0050,604
3,C1804,9551
1,C3166,6734
2,C2522,5335
3,C1699,5311
1,C2193,7277
2,C2848,2465
3,C2205,6672
1,C4988,4903
2,C3641,4254
3,C4928,4770
1,C0921,5916
2,C2333,9610
3,C0204,4691
1,C3638,8802
2,C1914,701
3,C4951,6203
1,C3069,7521
2,C4443,648
3,C0812,1582
1,C2544,6061
2,C2519,9698
3,C3059,8108
1,C4947,2893
2,C3793,2975
3,C2053,1898
1,C3976,8259
2,C1929,3166
3,C2333,3197
1,C1027,4077
2,C2400,8433
3,C1915,1072
1,C0971,547
2,C0813,8653
3,C1616,9919
1,C0069,8518
2,C2978,2354
3,C0436,3984
1,C1247,1508
2,C1735,3602
3,C1071,13
1,C2315,220
2,C3354,2791
3,C2387,7469
1,C2132,7399
2,C0051,2662
3,C1361,5127
1,C4410,7859
2,C4413,2106
3,C4544,559
1,C3095,3979
2,C1125,7578
3,C4313,4022
1,C2337,5607
2,C0336,1463
3,C3550,8177
1,C4425,1770
2,C4084,7307
3,C0704,1729
1,C2241,3375
2,C4496,1208
3,C2419,8263
1,C4803,9490
2,C2435,2751
3,C0398,4562
1,C4903,9966
2,C3139,380
3,C0211,8564
1,C3760,6299
2,C0836,2453
3,C3707,3896
1,C2881,3702
2,C0875,7855
3,C0889,4241
1,C0197,9676
2,C1075,3928
3,C2789,213
1,C3158,5404
2,C0653,4218
3,C3766,6452
1,C0421,8267
2,C2532,4800
3,C2758,2473
1,C3566,8894
2,C1188,7865
3,C4443,5349
1,C0812,8930
2,C0847,399
3,C0348,6806
1,C0610,4343
2,C0111,9107
3,C1510,1405
1,C3128,8585
2,C0595,1170
3,C3599,5754
1,C0475,4169
2,C3229,9583
3,C2452,6582
1,C4127,3510
2,C1542,9850
3,C0245,6093
1,C1609,7987
2,C2974,5104
3,C1658,9651
1,C2992,7471
2,C4048,9009
3,C3968,8908
1,C3715,8562
2,C3695,4055
3,C3137,6559
1,C0301,8056
2,C2347,9272
3,C3482,7533
1,C2888,3666
2,C1986,9358
3,C1243,5230
1,C3386,493
2,C2525,9365
3,C1760,5448
1,C4496,6621
2,C0781,5912
3,C2091,3322
1,C3191,9827
2,C1432,7198
3,C2437,794
1,C4054,1726
2,C3636,3725
3,C4005,873
1,C3704,9986
2,C1361,2383
3,C1536,3339
1,C0480,4381
2,C2800,4228
3,C4405,3530
1,C1030,2704
2,C2933,1248
3,C2020,9400
1,C4978,8234
2,C2159,819
3,C4283,8545
1,C2672,468
2,C3629,7585
3,C4615,4508
1,C1320,9030
2,C4474,5107
3,C3500,6564
1,C0986,7205
2,C2146,7185
3,C2527,6648
1,C1494,57
2,C1275,8792
3,C4038,8930
1,C2045,9199
2,C1207,443
3,C2018,9602
1,C0916,353
2,C1623,3720
3,C0891,9908
1,C0551,2604
2,C1403,1226
3,C4473,877
1,C1619,6420
2,C3590,1041
3,C1893,652
1,C4608,9388
2,C2127,4284
3,C3553,8897
1,C1980,8098
2,C2385,6166
3,C3915,2490
1,C3025,4904
2,C1101,1646
3,C3668,1502
1,C4504,5862
2,C0608,9525
3,C4016,6830
1,C3127,7236
2,C1677,5279
3,C0520,4687
1,C2027,3447
2,C0231,4410
3,C0273,3575
1,C4096,2076
2,C1704,7132
3,C0840,2535
1,C0193,3443
2,C1732,2387
3,C4838,5241
1,C4055,5384
2,C4328,6502
3,C1657,5839
1,C0223,142
2,C4549,2821
3,C1737,9162
1,C1765,8400
2,C3879,1736
3,C0689,4965
1,C1614,8720
2,C1943,1308
3,C4417,1885
1,C2088,5970
2,C3081,6684
3,C4741,8902
1,C1942,4522
2,C1728,8836
3,C0399,684
1,C3334,855
2,C4461,2263
3,C2838,7519
1,C1821,1108
2,C2053,2427
3,C3984,3762
1,C3774,289
2,C2544,4196
3,C1659,5451
1,C1520,1033
2,C3861,8906
3,C0980,9281
1,C3481,6337
2,C4378,7796
3,C0781,9830
1,C4906,3679
2,C4643,3914
3,C1540,5512
1,C1556,706
2,C4957,6072
3,C3037,9527
1,C3406,6307
2,C0994,9347
3,C2831,283
1,C0959,7753
2,C3127,4465
3,C3428,5550
1,C4484,426
2,C4812,3685
3,C1798,5756
1,C2494,8288
2,C0895,4097
3,C1599,4038
1,C4713,2994
2,C1165,6122
3,C3940,4467
1,C2271,4592
2,C3087,9946
3,C4743,4568
1,C0836,9207
2,C3358,3662
3,C1108,1171
1,C1285,8274
2,C3611,3334
3,C2634,8244
1,C3965,2084
2,C4119,2963
3,C1182,8778
1,C3555,9384
2,C0076,5243
3,C0194,7750
1,C2055,9861
2,C1398,5674
3,C0344,8260
1,C2466,8052
2,C2025,675
3,C2452,9058
1,C3811,5191
2,C3715,2064
3,C1252,7184
1,C1081,986
2,C1547,669
3,C3039,9132
1,C4032,6445
2,C4402,7634
3,C4683,9305
1,C2398,2980
2,C1803,4308
3,C3580,9307
1,C0647,3568
2,C0091,8987
3,C3419,2563
1,C2237,202
2,C4276,6067
3,C2148,6828
1,C2745,4889
2,C2733,2588
3,C1737,9037
1,C1527,2797
2,C3529,8559
3,C1509,6115
1,C0566,9270
2,C4422,5293
3,C4623,1502
1,C1640,1189
2,C1397,9521
3,C4253,3880
1,C0122,4845
2,C3651,2822
3,C3552,9326
1,C2820,4366
2,C0397,4074
3,C3439,61
1,C0116,7920
2,C0811,6080
3,C2466,8179
1,C1025,9519
2,C4731,9046
3,C4188,2906
1,C2094,8625
2,C1695,8179
3,C3189,7665
1,C4823,829
2,C3326,5351
3,C3838,4337
1,C0524,5441
2,C0702,8048
3,C4730,8071
1,C2528,7267
2,C1262,4620
3,C4142,7436
1,C3463,8561
2,C1134,9966
3,C4725,7246
1,C2331,6448
2,C0974,4035
3,C1638,1528
1,C4842,5920
2,C0728,361
3,C4542,6291
1,C1855,5998
2,C2793,7847
3,C4481,3764
1,C4555,8833
2,C2157,4396
3,C1495,8812
1,C0641,4748
2,C4511,8805
3,C2657,249
1,C4673,1170
2,C0390,4299
3,C1999,6526
1,C3455,942
2,C0347,1942
3,C1165,4786
1,C0031,5470
2,C2790,2393
3,C4876,7485
1,C0342,7975
2,C4399,3368
3,C4808,6681
1,C3597,7614
2,C2946,306
3,C0711,8488
1,C2334,2903
2,C1039,1484
3,C0723,2624
1,C4950,1045
2,C0712,3654
3,C2388,4955
1,C0825,2784
2,C4980,1736
3,C3527,3943
1,C0772,4091
2,C0936,4121
3,C1038,4547
1,C1707,6156
2,C4923,9070
3,C1926,8889
1,C2160,1800
2,C4257,6492
3,C0409,8007
1,C4163,164
2,C2713,4842
3,C1542,9938
1,C4177,1293
2,C1561,9303
3,C4015,2732
1,C4424,7572
2,C2207,7978
3,C4036,7994
1,C1229,374
2,C3210,6667
3,C4095,5194
1,C4988,7943
2,C3229,8349
3,C4121,5417
1,C3675,8949
2,C0987,6628
3,C2807,9782
1,C1545,3941
2,C2872,7048
3,C1131,3483
1,C4760,2220
2,C0235,1758
3,C0509,6397
1,C3480,5617
2,C4305,297
3,C4525,9509
1,C3587,6493
2,C4038,3085
3,C3463,656
1,C4316,4948
2,C1676,1620
3,C0462,458
1,C2977,6554
2,C4308,2913
3,C1664,3156
1,C3526,883
2,C4809,310
3,C4382,7313
1,C1177,98
2,C3355,5855
3,C0255,7420
1,C4266,8969
2,C2531,7448
3,C3062,7882
1,C0485,7315
2,C3691,4409
3,C0352,1293
1,C0019,4720
2,C4533,8632
3,C2041,7456
1,C0832,1806
2,C4694,509
3,C2810,613
1,C3214,3476
2,C2076,6793
3,C3256,2622
1,C4292,3471
2,C2525,3059
3,C0661,5012
1,C0703,7750
2,C2781,7262
3,C0294,6229
1,C4146,9394
2,C4244,4121
3,C4523,2792
1,C4420,4079
2,C4764,856
3,C1845,8294
1,C3678,4940
2,C0627,8881
3,C2130,4720
1,C0549,8781
2,C2326,9285
3,C1428,2964
1,C4156,9141
2,C3272,184
3,C2504,8644
1,C4712,6081
2,C2911,7495
3,C0644,1106
1,C2774,6548
2,C1339,4225
3,C3970,9481
1,C1550,9681
2,C2433,268
3,C3759,4987
1,C0232,85
2,C2796,927
3,C3110,1668
1,C3151,4300
2,C2968,1303
3,C3582,1610
1,C3179,8074
2,C3939,269
3,C3378,2123
1,C4929,7158
2,C0236,9667
3,C2929,3
1,C3939,5618
2,C2359,6308
3,C1825,8893
1,C2886,1915
2,C3377,7940
3,C1645,5438
1,C3945,5258
2,C0172,2157
3,C4388,3801
1,C3503,6983
2,C0028,891
3,C3580,2877
1,C1295,9375
2,C4759,5118
3,C1382,3208
1,C2369,2299
2,C0644,6915
3,C0435,6519
1,C4329,346
2,C2031,391
3,C4157,5919
1,C2474,1924
2,C0730,3047
3,C4564,3092
1,C4494,2578
2,C4580,4040
3,C1637,5298
1,C1757,1643
2,C3439,6685
3,C3968,6663
1,C1607,9269
2,C4951,8992
3,C0969,826
1,C1087,5296
2,C1532,9359
3,C0227,3389
1,C4437,5613
2,C2727,2423
3,C2649,7614
1,C2046,4572
2,C3678,8932
3,C3397,4533
1,C1499,1048
2,C4257,2892
3,C2949,3338
1,C4968,8192
2,C0341,2168
3,C1690,5738
1,C2191,8222
2,C0198,6852
3,C3302,4127
1,C0066,5165
2,C4896,3472
3,C2903,771
1,C4373,2161
2,C3868,4336
3,C2001,855
1,C1390,1437
2,C1887,8385
3,C3333,4943
1,C0400,1119
2,C0480,3610
3,C3313,3991
1,C4721,3706
2,C0631,3062
3,C2025,8484
1,C4516,1133
2,C0471,9054
3,C4969,4035
1,C0427,7824
2,C4204,1058
3,C4762,6606
1,C4767,7759
2,C0044,7472
3,C1772,3592
1,C3953,1084
2,C3369,8380
3,C1925,1384
1,C3666,9349
2,C4315,2558
3,C2560,5942
1,C0885,6496
2,C0373,5993
3,C4434,3656
1,C1468,5724
2,C4818,6083
3,C2021,8339
1,C3146,4276
2,C1094,6462
3,C0678,1186
1,C3879,741
2,C2425,7346
3,C1035,9699
1,C4725,3046
2,C4942,3435
3,C0438,7054
1,C2762,8068
2,C3040,5718
3,C4756,8930
1,C3590,3266
2,C4217,5293
3,C0216,6066
1,C0405,2322
2,C4117,7904
3,C4253,1279
1,C0292,7876
2,C2595,3304
3,C0851,9189
1,C2251,9435
2,C2448,5051
3,C3529,4425
1,C1090,8476
2,C4332,3171
3,C3557,9990
1,C2103,3755
2,C4795,7631
3,C1595,4300
1,C2564,2451
2,C3672,5140
3,C2325,5545
1,C3538,7106
2,C3667,3080
3,C0184,9602
1,C3001,7777
2,C1623,3722
3,C1429,6626
1,C3303,8628
2,C0302,1852
3,C4206,3743
1,C0033,2398
2,C4802,2135
3,C3891,7062
1,C2533,1465
2,C3905,9179
3,C1278,6649
1,C2303,3176
2,C3476,3505
3,C2349,7813
1,C3684,2614
2,C1508,4184
3,C3331,6084
1,C0034,6110
2,C0733,1042
3,C2291,2612
1,C2467,3704
2,C0177,4567
3,C1990,8206
1,C4979,8641
2,C0992,3375
3,C1737,952
1,C0653,1223
2,C2555,8562
3,C2744,2970
1,C4495,1247
2,C1309,3319
3,C0192,785
1,C3207,9735
2,C1197,1231
3,C1449,8035
1,C3504,9462
2,C2173,2886
3,C1777,6245
1,C0121,3061
2,C3199,4982
3,C1514,2119
1,C1952,2342
2,C4900,942
3,C4361,4667
1,C2124,7811
2,C1549,3130
3,C2676,7631
1,C4533,4202
2,C0122,3257
3,C1524,5371
1,C3066,948
2,C4822,5588
3,C1953,3962
1,C4162,1129
2,C4507,98
3,C0290,9652
1,C3100,4127
2,C1606,1032
3,C1536,7537
1,C0044,4917
2,C4975,6122
3,C3567,6824
1,C3371,7654
2,C1036,6291
3,C4767,5447
1,C0923,6659
2,C0595,5525
3,C2259,8133
1,C2999,6555
2,C1119,9192
3,C3222,5965
1,C2477,469
2,C3775,6816
3,C2211,5345
1,C3404,1726
2,C2290,3295
3,C3858,9100
1,C4590,6969
2,C4075,6802
3,C4785,7282
1,C0864,9667
2,C1659,2229
3,C2453,672
1,C2183,5408
2,C0356,5193
3,C2512,8408
1,C4657,3374
2,C0863,7883
3,C2117,2272
1,C3939,5287
2,C1963,7485
3,C0053,3247
1,C0816,2631
2,C1853,6229
3,C2579,7658
1,C4733,6109
2,C0782,8345
3,C1923,7808
1,C3349,3527
2,C4724,623
3,C3402,2760
1,C1404,6346
2,C0521,2819
3,C3569,8706
1,C2540,1286
2,C1760,3867
3,C0116,6298
1,C2412,5499
2,C2538,1504
3,C0936,7437
1,C0436,2715
2,C3749,5351
3,C4742,5799
1,C1896,1768
2,C0991,818
3,C1316,4568
1,C1322,9604
2,C1362,2776
3,C3536,3398
1,C1029,2354
2,C1437,618
3,C0602,2828
1,C2368,7248
2,C3123,8399
3,C1169,4966
1,C2956,6663
2,C3676,7654
3,C3232,3181
1,C0771,4034
2,C2602,5555
3,C2256,8068
1,C4159,8176
2,C0783,8763
3,C3740,3691
1,C0406,133
2,C3651,6361
3,C1159,2467
1,C4538,7063
2,C4673,3286
3,C1180,2066
1,C2207,6407
2,C1928,3667
3,C2330,2944
1,C4701,8929
2,C1934,7403
3,C3519,1462
1,C4766,6357
2,C2938,7925
3,C1493,5048
1,C4074,4935
2,C0313,6068
3,C1187,9699
1,C0625,8344
2,C4117,323
3,C4969,2902
1,C4967,4881
2,C4342,3711
3,C3038,682
1,C2399,3075
2,C1964,3116
3,C3093,9247
1,C4710,8564
2,C3794,6983
3,C4218,2290
1,C0686,9489
2,C4939,6467
3,C2458,3111
1,C3909,1330
2,C2494,3276
3,C2656,6194
1,C1505,135
2,C3091,9976
3,C4972,9049
1,C4370,7808
2,C1346,7478
3,C4999,8865
1,C1889,3324
2,C2847,7651
3,C4289,6395
1,C4602,351
2,C1845,8565
3,C4624,4470
1,C3508,2430
2,C2473,1763
3,C0640,1770
1,C1752,8181
2,C2213,5567
3,C4943,6908
1,C3363,3565
2,C0493,9586
3,C0381,1309
1,C4179,1506
2,C2193,9473
3,C3273,6990
1,C2806,8624
2,C4064,697
3,C4370,5070
1,C2491,5159
2,C1800,7977
3,C3987,4916
1,C3667,1040
2,C1467,9128
3,C2518,6466
1,C4692,2987
2,C1978,9366
3,C1892,4702
1,C4015,1909
2,C1542,1762
3,C3567,6670
1,C2918,1872
2,C2441,5007
3,C2858,9344
1,C4762,5431
2,C4256,8748
3,C0559,8847
1,C3387,2880
2,C3282,2083
3,C1595,37
1,C0257,7307
2,C4099,2589
3,C0208,227
1,C3575,827
2,C2527,9906
3,C0195,5300
1,C0546,2802
2,C1321,6123
3,C0827,4505
1,C3759,6546
2,C2830,8248
3,C0133,8586
1,C2693,7372
2,C0237,982
3,C0782,6559
1,C0563,3667
2,C2460,9957
3,C4758,2876
1,C4412,2519
2,C1168,345
3,C4430,2375
1,C1920,557
2,C0085,9390
3,C1899,8004
1,C4768,5003
2,C2737,9764
3,C2298,3549
1,C2227,784
2,C4350,6029
3,C0161,7902
1,C2414,3262
2,C4845,3386
3,C2956,7302
1,C0528,158
2,C3389,7736
3,C1310,4214
1,C4608,6350
2,C4139,3035
3,C2845,3630
1,C0104,3918
2,C4126,9542
3,C4368,8500
1,C3236,9215
2,C0631,7115
3,C4989,4647
1,C4669,1857
2,C0888,8459
3,C4400,4606
1,C3323,9206
2,C2787,7146
3,C1818,5510
1,C1538,6767
2,C1391,5619
3,C2452,9393
1,C0086,1070
2,C3696,6727
3,C1241,6112
1,C0842,8857
2,C1424,2997
3,C3804,5503
1,C1681,339
2,C1682,9649
3,C1466,480
1,C0603,705
2,C3652,315
3,C1017,3464
1,C4653,9335
2,C4113,3587
3,C0680,6947
1,C3143,2673
2,C1718,9435
3,C1739,5442
1,C2463,1001
2,C1319,2957
3,C4724,6445
1,C1585,6485
2,C0582,8603
3,C1428,5016
1,C3428,3827
2,C3460,7237
3,C3323,666
1,C1206,6221
2,C4712,2168
3,C1286,3193
1,C4744,19
2,C3730,191
3,C0585,5711
1,C2666,5368
2,C2925,2168
3,C3143,6503
1,C1942,3737
2,C1196,7806
3,C1713,4312
1,C1624,390
2,C4567,2409
3,C2222,6411
1,C2022,9503
2,C1790,1136
3,C0506,4326
1,C2717,8697
2,C2758,1636
3,C4895,5114
1,C4177,9063
2,C3750,6948
3,C2145,1561
1,C2399,1548
2,C4505,2668
3,C2233,8858
1,C4413,9075
2,C0151,1713
3,C0488,1844
1,C3863,4728
2,C4520,6342
3,C0870,9324
1,C2077,2890
2,C3018,3760
3,C0479,5863
1,C3397,2376
2,C0394,2227
3,C3888,4945
1,C2114,7638
2,C4977,562
3,C0406,4136
1,C4053,4008
2,C0086,2693
3,C2706,3010
1,C3095,1105
2,C2553,5663
3,C0329,7020
1,C3814,3509
2,C2013,1290
3,C4456,2965
1,C4856,2069
2,C1284,7123
3,C0550,5947
1,C3482,3268
2,C2648,3894
3,C0818,5000
1,C3032,654
2,C1684,6579
3,C4627,4203
1,C1951,1767
2,C3063,3242
3,C2402,5962
1,C3294,6898
2,C1005,5464
3,C4172,3361
1,C1140,1724
2,C2334,2929
3,C2831,6399
1,C1557,239
2,C1260,154
3,C4026,200
1,C4145,441
2,C1756,1191
3,C0287,4135
1,C1312,4648
2,C1252,8324
3,C3659,9480
1,C4937,1595
2,C4639,3691
3,C2008,3325
1,C3857,8976
2,C2970,4891
3,C3327,5890
1,C4490,5328
2,C3912,2756
3,C2119,8337
1,C2752,9740
2,C3531,7342
3,C2656,2915
1,C3619,7125
2,C2698,2695
3,C2122,7508
1,C0500,6080
2,C4729,7012
3,C0709,6723
1,C1209,758
2,C4445,1362
3,C0704,7216
1,C3467,7662
2,C3512,7875
3,C2394,4145
1,C3978,9721
2,C4998,484
3,C1708,438
1,C1093,9641
2,C1976,1880
3,C0923,4048
1,C3808,6155
2,C3629,3149
3,C2078,1951
1,C3928,6491
2,C4558,4563
3,C3864,4562
1,C2632,6981
2,C3900,2689
3,C3330,9667
1,C0434,7351
2,C3320,1186
3,C1741,7781
1,C2227,602
2,C0303,3874
3,C4873,8728
1,C1411,754
2,C0716,9099
3,C2927,6039
1,C2496,7760
2,C2612,832
3,C3699,1043
1,C4827,9055
2,C1800,1825
3,C3871,6308
1,C4762,742
2,C3687,1873
3,C3087,390
1,C2505,1688
2,C1173,1675
3,C4063,5489
1,C4515,601
2,C0258,7177
3,C4528,1550
1,C4278,3386
2,C1254,8878
3,C1381,115
1,C3474,5372
2,C1102,8236
3,C1448,1766
1,C0775,7941
2,C3328,1176
3,C1317,4504
1,C0593,3201
2,C3511,6639
3,C4578,1496
1,C1314,2327
2,C0964,60
3,C4274,5681
1,C2099,9991
2,C4151,1514
3,C3224,7995
1,C3444,6012
2,C3562,8832
3,C0877,4904
1,C3955,2667
2,C1186,5142
3,C2230,969
1,C2291,6355
2,C1877,7557
3,C0816,1722
1,C0602,4607
2,C2061,4101
3,C2702,4603
1,C4361,7722
2,C2636,1510
3,C3135,6987
1,C4287,326
2,C2311,1777
3,C0324,902
1,C4849,9823
2,C2379,8877
3,C4451,5248
1,C3653,9928
2,C4458,1754
3,C0739,4934
1,C2301,1138
2,C0465,6922
3,C1881,6715
1,C0434,7889
2,C3190,3659
3,C3767,4474
1,C4452,4449
2,C3892,9460
3,C0842,8873
1,C3458,2252
2,C1823,2860
3,C3651,4250
1,C0378,9953
2,C0764,1939
3,C0503,5300
1,C1857,3024
2,C2033,276
3,C2633,561
1,C4298,5348
2,C1067,6380
3,C3165,4994
1,C4722,2964
2,C0446,2605
3,C0945,5524
1,C4105,3796
2,C2371,5992
3,C2088,8084
1,C1263,1224
2,C4754,8016
3,C1125,9928
1,C1131,8844
2,C1731,272
3,C4292,4128
1,C3097,8597
2,C2221,9421
3,C2019,3248
1,C4943,4162
2,C0344,4099
3,C0208,4191
1,C0299,951
2,C0624,5009
3,C0616,3381
1,C1626,9556
2,C2244,5044
3,C1604,5595
1,C4618,1313
2,C1559,5989
3,C4929,536
1,C3755,2663
2,C1021,7062
3,C3474,5231
1,C1004,7390
2,C4389,865
3,C2527,9798
1,C3072,6874
2,C2213,3552
3,C2471,1272
1,C0673,1861
2,C0831,8402
3,C3319,4621
1,C2951,4874
2,C0499,2296
3,C2729,2749
1,C3775,1625
2,C3871,1423
3,C4358,5429
1,C3971,7046
2,C3599,9459
3,C0842,7714
1,C4529,9643
2,C1593,9255
3,C3483,7424
1,C0004,7148
2,C3110,1409
3,C0999,7439
1,C4673,6674
2,C0501,8975
3,C3940,1806
1,C2197,447
2,C3165,1531
3,C0092,5905
1,C1756,1000
2,C1325,240
3,C4223,7365
1,C2271,2655
2,C4657,743
3,C2181,7268
1,C0526,1350
2,C4451,6923
3,C3873,4470
1,C1156,8053
2,C4338,231
3,C4345,9036
1,C4744,9836
2,C1259,7514
3,C2486,3551
1,C0276,4886
2,C3814,2690
3,C2568,2409
1,C3493,5749
2,C2653,7017
3,C4844,6749
1,C2146,7820
2,C4675,5679
3,C0098,6137
1,C2029,1196
2,C0517,2550
3,C3682,6002
1,C1094,2401
2,C0827,6917
3,C2961,2961
1,C4700,7761
2,C2790,8960
3,C1157,5100
1,C4774,7395
2,C0808,3296
3,C4530,9033
1,C3498,7410
2,C3625,417
3,C3609,730
1,C4454,5369
2,C1833,7000
3,C2981,8940
1,C4551,5141
2,C1223,2916
3,C1432,8556
1,C1617,1702
2,C3421,488
3,C3121,4831
1,C2741,102
2,C3591,361
3,C3553,5813
1,C2248,1725
2,C2092,7883
3,C2594,9280
1,C4765,1682
2,C1042,7503
3,C1265,7823
1,C2077,6376
2,C2830,384
3,C1405,5505
1,C1785,5370
2,C4839,8420
3,C4673,4046
1,C4738,2690
2,C1297,7553
3,C0212,3998
1,C4427,790
2,C0754,6620
3,C0377,3889
1,C0015,6690
2,C0512,1047
3,C4553,7402
1,C3391,4361
2,C0525,9605
3,C1101,8198
1,C2354,984
2,C2222,6291
3,C2549,2627
1,C0663,7592
2,C4659,5150
3,C2271,636
1,C3869,5032
2,C1914,8252
3,C1437,173
1,C4411,8319
2,C1053,4542
3,C2555,7963
1,C1599,729
2,C1717,9650
3,C0884,2749
1,C2013,1726
2,C3772,3894
3,C3120,6866
1,C2740,2356
2,C2101,371
3,C3674,8523
1,C2544,8873
2,C1081,811
3,C1277,8364
1,C0401,8728
2,C0560,3075
3,C4831,1932
1,C4024,9976
2,C3200,2124
3,C4718,4340
1,C3077,6247
2,C0838,9379
3,C1774,1906
1,C0895,9571
2,C4145,3630
3,C3814,5300
1,C3220,4159
2,C0169,8013
3,C4299,5828
1,C1010,4052
2,C1535,5337
3,C0542,4965
1,C0661,465
2,C1530,4655
3,C2908,285
1,C1118,959
2,C1608,8117
3,C4446,7251
1,C4775,2176
2,C1824,389
3,C4981,7830
1,C4703,4707
2,C0227,2083
3,C3400,2687
1,C1501,7658
2,C2755,8931
3,C4731,9730
1,C1751,6708
2,C1281,187
3,C1207,2316
1,C4604,3381
2,C1093,4884
3,C4337,682
1,C3488,5446
2,C4098,8907
3,C3770,1466
1,C3353,5534
2,C3901,9407
3,C1526,6069
1,C3991,8044
2,C1222,6729
3,C1974,3036
1,C1245,4155
2,C1234,9570
3,C4674,8057
1,C3156,4286
2,C1085,3103
3,C3090,4783
1,C1250,3919
2,C4565,957
3,C0198,1435
1,C0210,1453
2,C2315,3558
3,C3883,394
1,C1794,1142
2,C3153,4642
3,C0310,1165
1,C4423,1449
2,C4825,9898
3,C4299,4981
1,C4413,6422
2,C3617,5679
3,C2956,1520
1,C4088,8629
2,C1693,5289
3,C4542,8506
1,C1124,6286
2,C2173,5021
3,C1651,7395
1,C1297,6642
2,C0412,4654
3,C4682,7685
1,C3543,79
2,C3883,2107
3,C2592,3683
1,C4388,8097
2,C2700,2700
3,C4086,1990
1,C1238,4180
2,C2403,1143
3,C0493,4054
1,C3630,1376
2,C3603,4018
3,C0997,7165
1,C1839,2901
2,C1950,3554
3,C2939,3050
1,C0791,1486
2,C2877,8130
3,C4598,2707
1,C3594,9914
2,C3369,7944
3,C4589,8497
1,C2828,2701
2,C0015,2097
3,C1495,5845
1,C4305,7217
2,C3885,471
3,C4240,6071
1,C4081,4122
2,C3876,7294
3,C0274,9150
1,C2467,1491
2,C1895,7254
3,C4921,2737
1,C2820,2577
2,C1557,1612
3,C2586,583
1,C0071,6660
2,C4256,5458
3,C0252,4733
1,C2236,7926
2,C4163,972
3,C2375,9658
1,C2940,6384
2,C3153,506
3,C3422,9639
1,C4090,9606
2,C1974,4570
3,C1180,103
1,C2446,7245
2,C3026,3556
3,C1725,6227
1,C0865,3860
2,C2083,1757
3,C1014,4107
1,C0327,902
2,C2861,7070
3,C0721,8306
1,C0535,9140
2,C4322,3113
3,C2504,7584
1,C0341,713
2,C0923,9105
3,C3432,2506
1,C2738,7566
2,C3640,2320
3,C2545,9108
1,C1215,415
2,C0802,1514
3,C3305,404
1,C3566,2448
2,C2263,28
3,C3374,6922
1,C3568,6139
2,C1031,3668
3,C2664,4871
1,C4612,2239
2,C0126,8523
3,C4912,5982
1,C4477,3081
2,C0475,2649
3,C4214,4768
1,C3491,7887
2,C2694,1330
3,C3917,667
1,C2708,945
2,C0657,6676
3,C0250,7069
1,C3648,3302
2,C1262,5900
3,C3555,7052
1,C2158,8013
2,C0211,1825
3,C1451,2454
1,C1057,6878
2,C1371,8487
3,C0691,5423
1,C4916,9892
2,C3712,8047
3,C1977,7503
1,C2776,3368
2,C2551,3287
3,C0864,7356
1,C4789,2341
2,C3418,1553
3,C3578,6112
1,C1846,3301
2,C0264,2393
3,C2015,3245
1,C0289,2010
2,C0004,9406
3,C0093,1396
1,C4461,4549
2,C0733,5194
3,C4928,503
1,C1871,1919
2,C3308,4982
3,C2027,2747
1,C1880,8064
2,C3480,6136
3,C1328,9902
1,C0411,6935
2,C1722,1409
3,C0424,4143
1,C3781,4823
2,C2838,61
3,C4223,4555
1,C0336,9571
2,C3781,6827
3,C2300,9838
1,C1612,6257
2,C3585,3080
3,C0515,8730
1,C3235,6107
2,C0285,390
3,C4661,113
1,C1808,3543
2,C4397,6658
3,C3478,2278
1,C0373,2609
2,C3485,2401
3,C1894,7325
1,C4876,7840
2,C2823,5228
3,C3201,8892
1,C1927,8211
2,C1904,8002
3,C1008,1707
1,C1954,7659
2,C2922,8408
3,C1686,6039
1,C2313,2191
2,C2064,9962
3,C1420,5286
1,C0258,9133
2,C3932,9712
3,C3751,7081
1,C2515,9172
2,C3890,8427
3,C2731,5611
1,C4436,653
2,C2177,6019
3,C2389,3473
1,C4066,5473
2,C4285,4635
3,C2739,1774
1,C0821,9901
2,C3661,3872
3,C2266,6605
1,C0877,1513
2,C2681,5432
3,C1356,2464
1,C3919,2956
2,C0976,127
3,C2202,5842
1,C2367,2160
2,C4096,7621
3,C2895,1318
1,C0044,6535
2,C2131,1965
3,C4514,831
1,C1511,5655
2,C1193,6777
3,C2424,6945
1,C1932,8195
2,C0649,8083
3,C3130,8648
1,C2943,744
2,C2999,6748
3,C2665,1773
1,C0196,1716
2,C1284,6451
3,C0628,2336
1,C2528,3967
2,C3153,2017
3,C3450,6576
1,C4305,331
2,C4769,380
3,C0574,7299
1,C0632,9029
2,C3233,8087
3,C2071,5524
1,C1038,8930
2,C2346,417
3,C3560,4797
1,C2349,9675
2,C0076,3896
3,C3344,5366
1,C1094,4681
2,C4566,639
3,C3000,5886
1,C3034,9123
2,C1430,7582
3,C0019,1915
1,C4766,8836
2,C4205,8676
3,C4200,2682
1,C3928,4355
2,C3385,646
3,C3812,4602
1,C1582,9253
2,C4467,5117
3,C1523,486
1,C4328,6480
2,C4578,81
3,C2031,9119
1,C4336,2281
2,C0997,1993
3,C4635,2850
1,C3384,812
2,C1824,2935
3,C2027,8463
1,C0597,1009
2,C2514,4474
3,C2613,2039
1,C2852,9377
2,C2019,5771
3,C0201,5528
1,C4493,3443
2,C3246,6853
3,C1051,1267
1,C0805,5192
2,C4120,3120
3,C1196,9526
1,C1459,402
2,C1732,4501
3,C4832,8927
1,C4331,8469
2,C4916,8432
3,C4520,3427
1,C0705,7823
2,C3197,6289
3,C1421,4220
1,C0713,4893
2,C4776,1622
3,C2815,593
1,C0683,1704
2,C0932,605
3,C0945,573
1,C4659,9797
2,C4507,6028
3,C2299,1423
1,C1923,3289
2,C0499,1716
3,C0586,2433
1,C1749,759
2,C2588,8922
3,C1535,9002
1,C1592,1884
2,C1603,6757
3,C4535,2255
1,C3237,774
2,C2166,2386
3,C1630,9452
1,C2669,8257
2,C3041,531
3,C2412,2129
1,C2142,5989
2,C0255,2441
3,C3434,1890
1,C2710,7943
2,C2811,8587
3,C1903,56
1,C1233,8498
2,C4113,3755
3,C1154,7688
1,C0300,3265
2,C1979,5829
3,C3045,1612
1,C2285,1910
2,C4898,6135
3,C3295,8863
1,C2625,6578
2,C1137,6913
3,C1434,9892
1,C2270,4412
2,C3233,2539
3,C1813,980
1,C4036,889
2,C4474,9074
3,C3612,9374
1,C4683,6640
2,C4887,5748
3,C2451,2997
1,C3467,4327
2,C4648,3066
3,C0560,6697
1,C2260,824
2,C4790,8133
3,C1120,4173
1,C1145,6987
2,C4960,3337
3,C2117,2627
1,C1616,4376
2,C2163,4917
3,C3197,683
1,C4862,3743
2,C3516,4821
3,C4428,3108
1,C3972,661
2,C1939,795
3,C3494,8804
1,C3942,1948
2,C4000,1391
3,C3310,5192
1,C2848,329
2,C1338,8277
3,C4962,5210
1,C2695,5383
2,C4448,5695
3,C2273,3772
1,C0377,2503
2,C0369,6455
3,C4317,3148
1,C1236,1163
2,C3465,2510
3,C4285,1327
1,C3217,6981
2,C4660,5006
3,C2012,3190
1,C0015,3081
2,C4355,24
3,C4623,8839
1,C3628,4181
2,C2519,4542
3,C4404,2229
1,C4612,4759
2,C2228,2730
3,C4649,8202
1,C3498,101
2,C0107,5467
3,C3584,3856
1,C2869,4478
2,C4947,7900
3,C0871,787
1,C2098,2594
2,C4529,94
3,C0683,4785
1,C3109,7573
2,C3278,5058
3,C4088,9817
1,C0037,8825
2,C3214,9736
3,C2699,9357
1,C4461,1775
2,C1546,3365
3,C1569,6015
1,C2780,392
2,C1828,8653
3,C1624,2775
1,C4504,2718
2,C1584,6989
3,C0102,4030
1,C2906,6651
2,C4702,970
3,C4963,5407
1,C3170,2002
2,C3237,2121
3,C2944,6776
1,C0085,7570
2,C3586,7359
3,C1938,4053
1,C2012,1837
2,C3975,622
3,C1735,7167
1,C0468,320
2,C2951,7743
3,C2549,7040
1,C2550,2807
2,C2087,7164
3,C4387,4126
1,C2435,2497
2,C3052,5603
3,C0578,2978
1,C2101,5501
2,C0801,9334
3,C2325,3631
1,C1607,8220
2,C4452,7399
3,C0273,1939
1,C3466,1519
2,C2475,5161
3,C0696,4021
1,C2140,5908
2,C3770,3902
3,C3794,9504
1,C1453,4683
2,C1754,7130
3,C1273,5460
1,C0066,40
2,C0207,653
3,C2071,7637
1,C1798,4069
2,C4324,5133
3,C4433,178
1,C1456,9172
2,C3504,3894
3,C3155,5243
1,C1730,8522
2,C1624,7307
3,C2498,394
1,C4312,8081
2,C4803,1467
3,C1915,6929
1,C2430,5156
2,C3050,8396
3,C3490,1701
1,C4615,7406
2,C4017,5531
3,C1528,7842
1,C0975,1678
2,C2024,9472
3,C0126,3521
1,C4882,7320
2,C1966,4778
3,C2117,8885
1,C3824,2348
2,C4723,1261
3,C4017,1776
1,C1750,1280
2,C2824,2246
3,C4512,6745
1,C0070,8203
2,C2911,1332
3,C2715,4216
1,C2617,8533
2,C1041,9418
3,C0531,6306
1,C3754,8488
2,C4311,7696
3,C3685,7862
1,C3161,7163
2,C2981,6759
3,C4121,4021
1,C4522,8081
2,C0913,4756
3,C3459,2327
1,C1951,9830
2,C3638,5224
3,C3813,9042
1,C2205,780
2,C0060,3144
3,C3319,4151
1,C4472,4043
2,C4373,6242
3,C3037,4585
1,C4618,9067
2,C2269,1483
3,C0953,4215
1,C3857,8596
2,C4354,414
3,C1661,181
1,C3202,7570
2,C2224,638
3,C4895,5964
1,C0646,1928
2,C4150,5547
3,C3072,4411
1,C3200,9551
2,C0070,9601
3,C3309,413
1,C3643,4717
2,C3651,8256
3,C2938,5341
1,C3541,6518
2,C4237,3093
3,C1593,3783
1,C3139,668
2,C0247,9254
3,C0664,4619
1,C3709,3265
2,C1940,550
3,C1700,9556
1,C1333,6425
2,C0662,9572
3,C0285,8790
1,C3978,6040
2,C0325,8492
3,C2498,7898
1,C0585,8696
2,C0220,8142
3,C3683,5833
1,C4812,1947
2,C3681,9840
3,C2445,3643
1,C4946,9090
2,C2891,4036
3,C3941,3716
1,C3554,6456
2,C4479,961
3,C4985,6883
1,C4795,1240
2,C2994,8993
3,C3666,3555
1,C3623,9069
2,C3686,2072
3,C3822,5103
1,C1024,9608
2,C1327,9942
3,C4131,3214
1,C2387,2958
2,C4936,415
3,C0142,2219
1,C1820,6618
2,C3645,4890
3,C2091,2656
1,C4248,5006
2,C4481,7039
3,C4455,6213
1,C0623,870
2,C1239,5235
3,C1455,6200
1,C3393,4018
2,C1016,1304
3,C4131,4639
1,C1250,7500
2,C0393,520
3,C0051,6640
1,C3992,1192
2,C2023,8471
3,C0354,2031
1,C0916,1977
2,C1560,2886
3,C0255,8744
1,C0511,192
2,C2677,3108
3,C0005,3885
1,C1679,333
2,C2167,2384
3,C0124,6667
1,C4536,3491
2,C1140,9668
3,C2067,1313
1,C2468,8402
2,C3747,6711
3,C3801,7581
1,C4196,2282
2,C2336,5925
3,C1268,3652
1,C2018,6854
2,C2853,5781
3,C2152,4876
1,C2885,3933
2,C1768,3563
3,C1577,2464
1,C2199,3830
2,C1644,6059
3,C0443,1574
1,C3221,1189
2,C0220,5524
3,C2786,9952
1,C4588,8720
2,C1053,1687
3,C1293,3744
1,C3958,4637
2,C3682,3709
3,C2326,9834
1,C0140,6233
2,C4650,200
3,C0309,3524
1,C0002,1142
2,C3371,6232
3,C2919,6866
1,C2355,1681
2,C3276,7062
3,C4198,8650
1,C1580,6144
2,C0866,6144
3,C4857,4744
1,C3737,1516
2,C3015,4658
3,C4961,1069
1,C1838,9105
2,C1799,5994
3,C1008,534
1,C4628,4296
2,C2102,5007
3,C3449,9312
1,C3922,938
2,C1993,3965
3,C1730,7109
1,C3191,2557
2,C3295,5542
3,C4040,94
1,C0670,1989
2,C4125,4073
3,C2778,4783
1,C0299,3741
2,C1336,2889
3,C2261,6964
1,C0022,8437
2,C3118,4561
3,C3537,5552
1,C2433,4834
2,C0898,1526
3,C3235,9209
1,C2072,7760
2,C4153,8771
3,C3471,8802
1,C1430,6723
2,C0514,9142
3,C3027,5085
1,C4111,69
2,C1013,6395
3,C0806,2159
1,C4314,2961
2,C0725,7940
3,C2037,4547
1,C0590,413
2,C0520,3892
3,C4286,6041
1,C3054,4506
2,C4812,8401
3,C2279,3826
1,C4816,5018
2,C4028,9762
3,C2073,9044
1,C3034,6361
2,C2651,6851
3,C4785,2345
1,C1907,7662
2,C2124,4219
3,C4830,8256
1,C0880,7812
2,C2029,6501
3,C2506,8678
1,C0809,2494
2,C0437,8468
3,C1217,3800
1,C3666,5713
2,C3705,8454
3,C3314,8606
1,C4133,1164
2,C1225,5394
3,C3081,4682
1,C4075,2256
2,C3276,611
3,C3137,2242
1,C4157,4769
2,C4485,5667
3,C4917,8324
1,C2614,4180
2,C1582,6624
3,C2901,9960
1,C2696,9899
2,C0935,4484
3,C0002,1887
1,C2517,3830
2,C4115,521
3,C0791,5978
1,C4680,8571
2,C3735,7631
3,C1042,7057
1,C2781,3534
2,C2871,7960
3,C2013,6908
1,C0052,427
2,C4218,5139
3,C4940,8319
1,C3985,5779
2,C4605,9625
3,C4454,3411
1,C0875,7550
2,C3331,782
3,C4145,385
1,C0373,6652
2,C0809,9649
3,C2877,820
1,C3474,6022
2,C2834,479
3,C0510,3905
1,C1491,154
2,C1487,9959
3,C1596,239
1,C3038,9460
2,C2492,155
3,C1613,1639
1,C3299,7970
2,C1723,4251
3,C4661,2452
1,C3869,4064
2,C4402,7517
3,C3642,2260
1,C4868,544
2,C2703,8606
3,C0386,692
1,C1874,6614
2,C3545,1533
3,C0345,2114
1,C2006,7084
2,C3484,5970
3,C1531,1914
1,C0419,418
2,C3770,3500
3,C1759,8802
1,C2607,8682
2,C4680,1935
3,C1717,8664
1,C1355,3796
2,C4543,7285
3,C3441,2091
1,C0869,2509
2,C1027,7194
3,C2563,2527
1,C0352,1768
2,C2395,7749
3,C4062,3007
1,C4980,9381
2,C0655,6822
3,C3269,4738
1,C2044,4071
2,C2465,1994
3,C2598,3112
1,C0781,9348
2,C3905,931
3,C2397,9865
1,C1652,1478
2,C1206,9662
3,C0696,408
1,C4684,3459
2,C0847,7642
3,C3160,8959
1,C0020,7382
2,C3486,7830
3,C1481,7288
1,C0936,3517
2,C4978,948
3,C2796,9520
1,C4973,2872
2,C3703,6669
3,C0560,5325
1,C1678,1113
2,C3622,1634
3,C4175,7664
1,C1178,9737
2,C2834,8342
3,C0349,7822
1,C1480,6293
2,C4007,6354
3,C0819,5946
1,C1824,7873
2,C2319,6792
3,C1147,5810
1,C3302,7209
2,C0239,9812
3,C4658,2759
1,C0190,3222
2,C2875,4079
3,C1579,5555
1,C2444,46
2,C0547,2872
3,C4461,3039
1,C0823,9370
2,C0923,1757
3,C3712,9515
1,C4347,5215
2,C3895,8519
3,C1593,6952
1,C3797,1965
2,C4300,5330
3,C2574,81
1,C1398,4052
2,C0850,6045
3,C2046,8365
1,C4005,4553
2,C4551,6917
3,C3029,2488
1,C0073,6849
2,C0457,4893
3,C1466,3522
1,C2747,5496
2,C4921,9227
3,C0647,3790
1,C4689,641
2,C2312,2963
3,C0297,456
1,C2656,4849
2,C0308,30
3,C2493,5193
1,C2534,3665
2,C1886,7615
3,C0337,9918
1,C0297,762
2,C4365,9540
3,C4047,8298
1,C3498,8227
2,C0642,7633
3,C3684,4421
1,C4003,6515
2,C4940,114
3,C2260,5175
1,C3137,4326
2,C4853,9762
3,C2321,4639
1,C0030,6961
2,C3081,3189
3,C0179,8752
1,C2845,261
2,C0426,5718
3,C2390,8621
1,C2178,3911
2,C0508,9081
3,C2064,7871
1,C3689,9830
2,C2198,6663
3,C0218,9504
1,C1360,6255
2,C4231,4923
3,C0046,865
1,C2056,5781
2,C0950,631
3,C0125,9348
1,C0015,4423
2,C1858,2980
3,C4161,87
1,C4153,5742
2,C4064,2012
3,C0678,7490
1,C2378,3099
2,C1453,4348
3,C0152,4741
1,C0655,1433
2,C1523,1791
3,C3196,640
1,C1862,298
2,C4735,4384
3,C2290,7552
1,C4831,9994
2,C2718,9796
3,C4767,4828
1,C4207,5302
2,C2346,9452
3,C2958,7955
1,C3415,8824
2,C2702,5383
3,C0200,6921
1,C0373,8786
2,C1087,5832
3,C4967,8878
1,C0766,2204
2,C4715,7138
3,C3169,471
1,C0145,4457
2,C3350,7594
3,C4974,6444
1,C3220,8352
2,C4795,9528
3,C1348,1116
1,C1955,2735
2,C4056,9667
3,C2993,7625
1,C0447,4582
2,C4608,3370
3,C1166,3893
1,C2905,31
2,C1500,1936
3,C3514,3573
1,C0657,4499
2,C4818,6362
3,C3904,4898
1,C4459,4093
2,C0339,2426
3,C4451,1977
1,C4566,850
2,C0029,1951
3,C3367,3907
1,C1977,4423
2,C4326,3615
3,C1445,4288
1,C4611,8245
2,C3758,1529
3,C2556,4581
1,C2052,2255
2,C4168,2972
3,C2093,1953
1,C4286,8962
2,C1785,8438
3,C3203,1576
1,C0471,6402
2,C2018,9208
3,C2760,8981
1,C2100,9741
2,C1603,9918
3,C2785,3748
1,C2763,5083
2,C2010,6363
3,C0504,9694
1,C4178,8324
2,C1141,2453
3,C2377,6120
1,C4307,3775
2,C4367,852
3,C4627,7692
1,C4323,4720
2,C1552,9101
3,C4244,4098
1,C0737,7917
2,C2268,3568
3,C2113,6344
1,C1339,9449
2,C2091,9933
3,C0786,3512
1,C3501,3194
2,C4317,3594
3,C3927,6182
1,C4693,5096
2,C4234,746
3,C3196,1957
1,C3968,1443
2,C4377,1529
3,C4612,8192
1,C0858,1927
2,C0401,2091
3,C1901,2904
1,C2820,1705
2,C4100,1005
3,C2081,9642
1,C1706,8735
2,C1330,5500
3,C3529,1449
1,C4929,3196
2,C1562,8918
3,C1246,406
1,C0209,6015
2,C3203,6005
3,C0602,8929
1,C3937,3602
2,C4432,7605
3,C3304,4171
1,C3736,4245
2,C0588,5437
3,C1317,5034
1,C2386,9123
2,C0105,9887
3,C2757,2841
1,C2381,6523
2,C1434,6249
3,C1914,2138
1,C2440,2689
2,C2434,8796
3,C2497,3857
1,C1179,1742
2,C2063,7444
3,C1123,6029
1,C3890,1226
2,C2642,4712
3,C4919,5881
1,C2183,3751
2,C0447,687
3,C0228,667
1,C2346,7549
2,C0854,5658
3,C0578,7663
1,C0819,7592
2,C4225,4469
3,C3708,7935
1,C0604,8380
2,C1090,6352
3,C1068,949
1,C4026,9555
2,C1815,5997
3,C1394,4514
1,C3508,9783
2,C3719,6329
3,C1338,358
1,C1447,2080
2,C2285,3819
3,C4251,6169
1,C3271,5078
2,C4784,2952
3,C4852,4243
1,C0835,9735
2,C3618,7716
3,C3815,2918
1,C2485,1466
2,C0939,9524
3,C0536,5863
1,C2258,2301
2,C1106,9917
3,C4993,4166
1,C3691,3650
2,C0905,5490
3,C0353,8287
1,C1402,5069
2,C4933,7577
3,C0304,1216
1,C4289,6314
2,C2447,9539
3,C4904,7130
1,C1933,5442
2,C2163,8718
3,C4090,8816
1,C0943,4263
2,C1945,1993
3,C4755,1937
1,C1582,5979
2,C2876,5004
3,C0263,1135
1,C2800,1329
2,C0817,8764
3,C3545,6607
1,C1472,3281
2,C3656,6164
3,C4043,1919
1,C0802,5358
2,C2255,7705
3,C3707,4856
1,C1829,4700
2,C3224,6196
3,C2386,3070
1,C4366,7856
2,C3513,1664
3,C1583,8861
1,C2475,1887
2,C3450,2092
3,C2424,3022
1,C4566,8116
2,C3034,9632
3,C2476,2654
1,C0290,4585
2,C0287,349
3,C1766,2778
1,C0165,1479
2,C2490,1436
3,C2152,293
1,C4555,6161
2,C4708,4775
3,C2222,2803
1,C3666,5276
2,C0421,2856
3,C0788,6747
1,C4966,2616
2,C4529,3482
3,C1846,8807
1,C3175,6018
2,C2039,7710
3,C2009,9283
1,C4736,8211
2,C2496,4122
3,C0469,2491
1,C3658,5308
2,C2594,600
3,C4861,9447
1,C2258,1123
2,C3741,1863
3,C1953,2970
1,C0193,9979
2,C0286,4947
3,C0340,3446
1,C4722,3890
2,C3397,9912
3,C2066,2702
1,C4254,3131
2,C1317,4365
3,C3765,8219
1,C2601,5746
2,C2265,9891
3,C2716,4852
1,C2719,730
2,C3886,9882
3,C3561,3369
1,C1479,6239
2,C1742,2131
3,C2490,1366
1,C3046,1486
2,C2318,9468
3,C1351,527
1,C2970,4488
2,C0373,4560
3,C2977,4677
1,C4259,3592
2,C0203,6225
3,C1631,6736
1,C0645,917
2,C2380,2308
3,C1816,719
1,C1373,9757
2,C2975,6366
3,C2734,2669
1,C1952,1256
2,C2585,5091
3,C2465,5309
1,C0489,3320
2,C0799,7296
3,C2830,7314
1,C0953,6192
2,C0714,3726
3,C4375,7494
1,C4919,8164
2,C0021,9629
3,C1550,768
1,C1866,4437
2,C0281,5498
3,C4314,5219
1,C2474,8703
2,C2252,9693
3,C3831,6214
1,C4472,2053
2,C3965,8497
3,C1746,3073
1,C1918,7049
2,C3609,1448
3,C0729,1595
1,C4848,2124
2,C1919,8041
3,C3607,7771
1,C3650,9355
2,C4671,1050
3,C2424,5459
1,C4599,1184
2,C2860,2162
3,C1257,3401
1,C4311,3567
2,C4627,5462
3,C4915,8260
1,C0753,8579
2,C2195,7459
3,C3421,7272
1,C2393,740
2,C4064,6075
3,C3996,4393
1,C0239,2257
2,C2880,95
3,C4849,7659
1,C3874,5344
2,C3216,3742
3,C4118,3812
1,C3959,8897
2,C1456,5982
3,C4705,1341
1,C2046,6516
2,C2288,2019
3,C3374,5857
1,C1486,6290
2,C3737,7396
3,C4638,6737
1,C0953,3901
2,C0354,9874
3,C2138,7786
1,C3910,1893
2,C2829,4754
3,C3857,5269
1,C3554,4090
2,C1332,4533
3,C1237,2868
1,C2043,9047
2,C0108,8686
3,C4232,4496
1,C0960,6201
2,C0815,1666
3,C3651,5988
1,C2612,3979
2,C2566,8737
3,C1388,4268
1,C4459,2723
2,C1708,7335
3,C3000,5895
1,C3962,8
2,C3911,2463
3,C0596,6922
1,C1051,2884
2,C2085,9972
3,C2448,5537
1,C0807,8524
2,C3334,9751
3,C1537,225
1,C0243,8846
2,C0928,9618
3,C3389,3201
1,C0782,907
2,C3173,6964
3,C3754,1779
1,C0544,5169
2,C0766,8391
3,C1144,8248
1,C3050,2679
2,C2697,4381
3,C4649,8798
1,C4846,2225
2,C2377,8426
3,C0190,6794
1,C1145,6808
2,C1184,4214
3,C1914,8438
1,C2406,6167
2,C0968,516
3,C4342,8409
1,C4837,9952
2,C3913,2753
3,C3063,1771
1,C0042,6969
2,C2150,1601
3,C3693,3758
1,C2770,1404
2,C0182,3839
3,C2470,6341
1,C1012,1211
2,C4268,8375
3,C1123,6888
1,C2805,9173
2,C0019,2471
3,C3309,868
1,C3562,7233
2,C4453,3112
3,C4962,3342
1,C1457,5661
2,C3971,812
3,C0845,3719
1,C4166,5886
2,C1119,194
3,C0993,20
1,C3380,3600
2,C0024,8252
3,C0449,4443
1,C1080,3630
2,C2957,1597
3,C4440,3453
1,C1058,3990
2,C3886,4155
3,C3791,7951
1,C4932,2797
2,C3826,3566
3,C2572,8193
1,C1685,8376
2,C1645,2484
3,C1945,4579
1,C4366,3178
2,C4271,5604
3,C0887,3748
1,C1367,2154
2,C4819,8490
3,C4327,3586
1,C3022,6828
2,C4276,9318
3,C1913,516
1,C0315,786
2,C2896,7761
3,C3540,238
1,C1574,740
2,C2620,7435
3,C4390,2564
1,C4788,8590
2,C2005,2843
3,C1670,4782
1,C1597,4299
2,C4958,9675
3,C0097,4481
1,C2994,4360
2,C4004,8386
3,C2938,5274
1,C0470,4535
2,C2761,388
3,C2319,8606
1,C4348,9398
2,C0534,9008
3,C1086,8828
1,C0278,71
2,C4307,6953
3,C4373,7794
1,C1997,6816
2,C2752,5690
3,C4274,3864
1,C0080,5274
2,C2788,7918
3,C4700,4287
1,C0073,9790
2,C4871,3064
3,C4380,2853
1,C3494,892
2,C0278,4254
3,C0041,3389
1,C0516,8621
2,C1149,5037
3,C4980,9967
1,C0080,8235
2,C2775,2792
3,C4647,38
1,C3966,3768
2,C3455,434
3,C0107,3720
1,C2643,2595
2,C0282,7575
3,C3892,5658
1,C4026,3467
2,C4865,201
3,C4355,7704
1,C3461,3576
2,C1199,6983
3,C3392,5321
1,C2053,6679
2,C1384,5152
3,C3960,5656
1,C3914,7355
2,C1893,5139
3,C1097,6173
1,C1591,4272
2,C3926,2628
3,C2695,9308
1,C1125,9599
2,C1229,5984
3,C1322,3049
1,C2759,8356
2,C2232,3156
3,C1939,5883
1,C2495,8995
2,C1651,3668
3,C4467,1098
1,C0577,4441
2,C1105,5824
3,C4054,529
1,C2934,8679
2,C3500,1198
3,C1187,6238
1,C4636,1211
2,C2805,4496
3,C0959,6690
1,C0291,1705
2,C0972,9885
3,C1458,3670
1,C4152,5305
2,C4877,9317
3,C1962,5518
1,C2142,3201
2,C3635,9949
3,C0309,9692
1,C3012,2304
2,C0336,3051
3,C2213,3768
1,C0967,8612
2,C0604,6500
3,C3959,8408
1,C0088,2242
2,C0111,3409
3,C4624,8162
1,C3497,6894
2,C3972,1384
3,C2125,5078
1,C4642,9589
2,C4121,8404
3,C0049,1175
1,C4436,5068
2,C0854,8805
3,C1706,9970
1,C4112,1910
2,C4148,1703
3,C1859,5358
1,C1670,4663
2,C3305,2584
3,C3421,5614
1,C4997,776
2,C4324,3070
3,C3058,8730
1,C1320,3637
2,C0575,500
3,C1943,134
1,C2945,8517
2,C2558,6331
3,C1440,4688
1,C1302,8899
2,C4142,6855
3,C4167,6935
1,C4611,63
2,C4995,3188
3,C2068,3368
1,C3484,485
2,C1012,8155
3,C2177,2382
1,C3454,9990
2,C2705,4829
3,C1663,8085
1,C0564,6678
2,C4874,6195
3,C0797,1726
1,C2443,1465
2,C3870,7186
3,C4510,330
1,C3641,9447
2,C1458,7288
3,C1087,8216
1,C1172,4590
2,C3684,5200
3,C4580,7920
1,C2405,1618
2,C3514,2566
3,C3698,8745
1,C0192,6375
2,C4990,6851
3,C4748,360
1,C2904,1172
2,C4429,5584
3,C4131,5354
1,C2461,4450
2,C1444,7206
3,C0567,634
1,C1258,8536
2,C0231,8127
3,C3043,2022
1,C2495,2594
2,C1760,9861
3,C2560,2223
1,C4402,6205
2,C4523,7526
3,C4355,3223
1,C2421,7185
2,C2093,7184
3,C4930,4616
1,C4067,5180
2,C2235,2936
3,C3493,4970
1,C4210,4287
2,C0134,3069
3,C3950,8129
1,C2574,6024
2,C0796,2058
3,C0683,8805
1,C4766,2963
2,C2085,8116
3,C2127,2564
1,C1723,3836
2,C4280,1241
3,C2737,5541
1,C4995,5113
2,C2650,1047
3,C4985,1075
1,C1793,1718
2,C0289,6101
3,C4559,3517
1,C3678,3020
2,C1051,6213
3,C4763,7048
1,C0308,710
2,C3641,4139
3,C1539,4980
1,C0144,3220
2,C4251,4898
3,C0594,6024
1,C4613,4937
2,C2511,6193
3,C1172,1273
1,C2713,6341
2,C4294,472
3,C3357,9565
1,C4894,7056
2,C2980,1076
3,C1478,7394
1,C4339,6217
2,C0169,375
3,C3254,8213
1,C2310,2365
2,C4426,6663
3,C2787,4709
1,C4884,7538
2,C3218,2949
3,C1687,9865
1,C0698,3628
2,C4281,1464
3,C0739,3321
1,C0552,2362
2,C1451,5476
3,C0080,7059
1,C0595,7078
2,C3140,1089
3,C0688,5035
1,C3205,911
2,C2172,1939
3,C4998,9708
1,C3307,8030
2,C4542,8507
3,C1552,1617
1,C4567,7383
2,C3784,7127
3,C1710,2688
1,C4559,7435
2,C2647,6873
3,C1921,359
1,C4353,5025
2,C1570,7568
3,C1727,7743
1,C4679,2046
2,C3081,1568
3,C2144,6536
1,C1782,2019
2,C4091,9532
3,C4453,4743
1,C3470,3118
2,C0251,7340
3,C4940,6562
1,C0587,4275
2,C0030,7507
3,C2697,2223
1,C4083,5082
2,C3218,8182
3,C3180,190
1,C2987,6143
2,C0066,5340
3,C1348,3921
1,C0586,2274
2,C4474,8873
3,C4393,3785
1,C1348,6797
2,C2668,7573
3,C1557,7139
1,C1759,2210
2,C0293,9069
3,C2849,5724
1,C2787,4857
2,C4389,671
3,C4496,7438
1,C1292,3875
2,C1825,9294
3,C0479,3564
1,C1155,7780
2,C3101,8386
3,C1257,1272
1,C4282,1877
2,C2756,9722
3,C2720,5321
1,C1801,5807
2,C3573,5587
3,C4731,9628
1,C4066,6533
2,C1966,6503
3,C2597,1104
1,C4109,2899
2,C3693,9964
3,C4084,3230
1,C0705,6331
2,C2842,5796
3,C3846,4325
1,C2346,3236
2,C4451,8234
3,C3057,6998
1,C4474,7757
2,C1818,4171
3,C1418,8152
1,C1466,8213
2,C0181,695
3,C0167,3444
1,C4806,2156
2,C2654,8923
3,C2155,9779
1,C3226,6909
2,C2959,7768
3,C4371,4805
1,C4027,2385
2,C0227,5140
3,C4021,8916
1,C3507,3928
2,C2636,7326
3,C3412,2977
1,C4803,552
2,C3736,7232
3,C2573,1373
1,C4961,8474
2,C0755,2048
3,C4039,7569
1,C2408,8134
2,C3411,7583
3,C1556,2177
1,C2494,3569
2,C1649,9926
3,C0906,4926
1,C0215,8619
2,C4116,3950
3,C4158,251
1,C3476,1291
2,C4065,2991
3,C3765,6014
1,C4090,6434
2,C3550,4141
3,C1267,951
1,C3161,8727
2,C3727,3594
3,C1218,1360
1,C0201,8130
2,C2413,4558
3,C2751,3386
1,C3313,8813
2,C3377,5097
3,C4475,5959
1,C2081,5873
2,C4114,7372
3,C0582,6470
1,C4255,6064
2,C1851,9722
3,C2302,6854
1,C2981,7512
2,C0099,3805
3,C4434,604
1,C1027,588
2,C4557,2045
3,C0326,7134
1,C0263,7425
2,C1215,8120
3,C1619,3046
1,C0919,1551
2,C0985,6981
3,C3197,3042
1,C4208,4626
2,C4700,5905
3,C0205,7072
1,C0226,6615
2,C0705,1068
3,C1090,127
1,C0837,3972
2,C4157,2447
3,C1234,4999
1,C2878,3053
2,C4318,4006
3,C2221,5508
1,C3522,440
2,C1725,8834
3,C1043,769
1,C2547,8159
2,C3444,418
3,C3173,8175
1,C2805,9669
2,C0500,9914
3,C4070,8095
1,C2906,8180
2,C2653,1411
3,C0244,9510
1,C3247,1351
2,C2950,9463
3,C4449,1644
1,C0885,7011
2,C0432,1559
3,C3641,1406
1,C1961,939
2,C4503,5658
3,C1677,3744
1,C2322,7635
2,C0118,8561
3,C2148,7016
1,C1377,9320
2,C0002,8211
3,C1020,4738
1,C4593,7831
2,C0617,4851
3,C3734,6443
1,C2724,313
2,C0449,691
3,C4977,7489
1,C2424,7003
2,C1257,7867
3,C4116,3612
1,C2038,2654
2,C4577,6730
3,C3309,5304
1,C3030,4707
2,C0906,754
3,C2567,8552
1,C3427,7791
2,C2331,6898
3,C3471,8263
1,C4993,2822
2,C0296,8070
3,C4665,4071
1,C2754,3549
2,C1760,1057
3,C2152,1684
1,C1879,7236
2,C4656,9387
3,C2221,4288
1,C4230,6851
2,C4525,7282
3,C4517,2987
1,C1070,5143
2,C4390,5366
3,C3514,1392
1,C1001,402
2,C3441,8027
3,C1933,9674
1,C1981,9992
2,C1440,389
3,C4948,8567
1,C1250,3722
2,C3221,3164
3,C0369,2319
1,C1215,1882
2,C0697,8210
3,C3262,9587
1,C0268,918
2,C0275,8479
3,C3613,630
1,C4472,4080
2,C4928,3239
3,C0232,9955
1,C4783,3450
2,C3057,8576
3,C3481,2130
1,C0796,5406
2,C2788,1116
3,C4028,6879
1,C2006,9147
2,C1165,3058
3,C0855,3953
1,C0974,1522
2,C4839,4949
3,C3167,6236
1,C1503,6625
2,C0395,3663
3,C2841,5229
1,C4565,2394
2,C2639,9241
3,C4801,7031
1,C0902,5914
2,C3817,3423
3,C3290,8075
1,C0029,1654
2,C0626,9681
3,C2711,1458
1,C4216,3368
2,C2321,4303
3,C0891,9648
1,C3932,4724
2,C3686,8664
3,C2487,8800
1,C3780,3654
2,C0606,4973
3,C3247,4269
1,C2954,4887
2,C1082,4162
3,C3029,9318
1,C1808,1725
2,C1725,2478
3,C2186,4203
1,C3332,4380
2,C4198,9159
3,C2905,2477
1,C3041,2295
2,C0488,2629
3,C1530,4445
1,C0789,867
2,C3491,5075
3,C0658,7976
1,C1646,2768
2,C0742,4056
3,C4012,2111
1,C4508,8859
2,C1446,5148
3,C4152,8208
1,C3186,4933
2,C3715,2320
3,C0984,5869
1,C4566,224
2,C4266,5871
3,C2643,1942
1,C3485,3577
2,C2848,6415
3,C1936,3663
1,C0218,2203
2,C2003,4273
3,C2645,2138
1,C1365,7612
2,C2225,8016
3,C0749,2099
1,C3519,6871
2,C1792,9913
3,C1266,8428
1,C0250,6608
2,C2994,4478
3,C3096,7877
1,C4497,540
2,C1259,8304
3,C0857,3654
1,C1708,9399
2,C3378,223
3,C3152,7311
1,C4649,9193
2,C2095,9876
3,C0142,8879
1,C2099,2494
2,C1173,3504
3,C2152,7751
1,C2092,8121
2,C0829,3755
3,C2590,359
1,C4203,2749
2,C2059,9304
3,C1660,6226
1,C0004,3418
2,C3552,9232
3,C4410,2649
1,C0629,8410
2,C3878,992
3,C4740,5183
1,C4623,1000
2,C4659,5562
3,C3189,5097
1,C3711,2130
2,C3680,7083
3,C3867,9170
1,C2531,4873
2,C1576,63
3,C2523,3788
1,C4808,264
2,C3033,9567
3,C4534,3549
1,C2610,5962
2,C4699,9964
3,C1207,212
1,C0148,7893
2,C3762,7549
3,C2475,8511
1,C2549,435
2,C1538,4815
3,C2280,8150
1,C2920,229
2,C2152,750
3,C0965,2017
1,C0596,5879
2,C4188,6061
3,C3740,5036
1,C2226,9608
2,C4600,1098
3,C1217,6181
1,C1950,3650
2,C1733,5762
3,C0386,706
1,C4239,4487
2,C2834,5175
3,C1888,8600
1,C1738,4787
2,C1526,6395
3,C0619,6814
1,C3352,3379
2,C3753,7231
3,C4168,2240
1,C2599,4479
2,C3632,252
3,C0622,9060
1,C0909,520
2,C0460,9885
3,C1715,7231
1,C1753,4749
2,C3435,5368
3,C1488,5656
1,C1863,4467
2,C1269,5773
3,C4384,9369
1,C2837,6257
2,C1980,6931
3,C1045,6796
1,C2208,9834
2,C2132,8418
3,C3327,9048
1,C4230,4331
2,C1864,2938
3,C4952,292
1,C0574,3220
2,C4224,1580
3,C0646,4654
1,C1948,2078
2,C1278,6091
3,C3930,6075
1,C1858,9979
2,C3573,2154
3,C4565,8152
1,C4087,1613
2,C0988,4399
3,C4298,2167
1,C2847,4628
2,C1364,5830
3,C4003,9301
1,C1503,7423
2,C0417,5006
3,C3476,8501
1,C1426,9195
2,C0126,7202
3,C1198,55
1,C3580,3208
2,C1323,5623
3,C0699,2134
1,C3031,5599
2,C1029,3580
3,C4893,3787
1,C1221,3075
2,C2775,6768
3,C2194,6734
1,C4106,7502
2,C1790,6469
3,C0079,7991
1,C4320,8139
2,C4402,2684
3,C0337,4077
1,C2275,7680
2,C0807,7765
3,C4395,107
1,C1591,1572
2,C1101,1566
3,C4605,8848
1,C4035,400
2,C0417,9288
3,C4472,8604
1,C4966,2891
2,C4100,8584
3,C0177,8599
1,C2152,7642
2,C3450,5097
3,C3150,3391
1,C1318,8804
2,C1614,1316
3,C4493,4779
1,C4396,657
2,C4999,7546
3,C1418,6787
1,C2181,4100
2,C0322,144
3,C1900,9972
1,C4450,6467
2,C3784,2005
3,C2822,7225
1,C3098,2768
2,C1774,7119
3,C3618,6591
1,C3980,3271
2,C1901,208
3,C4624,8483
1,C3435,9802
2,C2022,2195
3,C2148,2789
1,C0579,7218
2,C3482,1561
3,C2650,6989
1,C0523,7896
2,C0471,7153
3,C4176,6357
1,C2711,6880
2,C0399,4155
3,C3516,9271
1,C3852,3909
2,C0599,5197
3,C4991,84
1,C2681,620
2,C2901,4823
3,C2848,3143
1,C2278,2186
2,C4385,6018
3,C0218,3221
1,C1642,6909
2,C2127,1247
3,C4754,7421
1,C4830,961
2,C2913,481
3,C4899,5477
1,C1238,8361
2,C1554,6631
3,C4286,2398
1,C2880,2865
2,C0151,4613
3,C1427,6394
1,C1372,3972
2,C0499,5096
3,C1601,9027
1,C1989,4019
2,C2458,3077
3,C4935,3552
1,C1663,171
2,C1358,3380
3,C0275,6171
1,C1460,9841
2,C1413,5602
3,C0934,6994
1,C3149,3651
2,C1410,1978
3,C3981,2947
1,C0363,1400
2,C4530,1670
3,C0025,2532
1,C2709,128
2,C1221,9850
3,C1099,2682
1,C3478,2768
2,C1584,1692
3,C1236,8558
1,C3101,2187
2,C3824,7769
3,C1258,9220
1,C4934,2268
2,C3259,4151
3,C3683,5422
1,C0644,6283
2,C1041,4654
3,C3711,8968
1,C1766,8466
2,C0587,9014
3,C0551,2551
1,C4681,3248
2,C0383,3659
3,C4556,1137
1,C2505,7669
2,C1663,1366
3,C2922,5318
1,C1062,6685
2,C2455,3927
3,C0889,3819
1,C0173,3255
2,C0846,2074
3,C1450,367
1,C2093,4462
2,C1937,5974
3,C2977,5297
1,C3173,2822
2,C4851,8496
3,C2206,7040
1,C2064,3772
2,C1184,5538
3,C3132,6691
1,C0221,9763
2,C2880,4520
3,C4657,4493
1,C0046,6300
2,C2135,9253
3,C1252,3439
1,C3787,6802
2,C2645,5295
3,C3029,4432
1,C0401,2891
2,C1998,2899
3,C3380,2612
1,C3355,5972
2,C3785,1066
3,C4982,7397
1,C1571,4461
2,C2991,4399
3,C1629,4011
1,C0530,4614
2,C0585,8082
3,C0800,9744
1,C3134,4264
2,C3973,2027
3,C2918,6035
1,C0276,6969
2,C1721,7266
3,C2217,1275
1,C3674,3093
2,C0512,6147
3,C0725,7712
1,C4340,9137
2,C3506,9030
3,C2977,9750
1,C0759,9315
2,C2095,4715
3,C0512,2745
1,C2143,8171
2,C2080,433
3,C0011,5672
1,C2036,190
2,C4478,3025
3,C0993,1551
1,C1362,4285
2,C4920,8876
3,C0661,6781
1,C4558,112
2,C1504,2582
3,C0930,6440
1,C4292,2454
2,C1866,9272
3,C1247,3745
1,C2947,6787
2,C3586,3026
3,C1951,6252
1,C2367,4246
2,C2203,8295
3,C3062,1213
1,C2168,1569
2,C2635,7231
3,C2751,3216
1,C2736,3535
2,C2501,4288
3,C3148,7318
1,C4749,6388
2,C1291,5005
3,C2210,4726
1,C1191,4096
2,C3433,8965
3,C2843,827
1,C0808,4258
2,C1056,9669
3,C1935,5462
1,C4806,7230
2,C1976,1921
3,C0214,8386
1,C4865,2108
2,C0707,1436
3,C2835,1265
1,C2074,9150
2,C0109,4311
3,C2316,8534
1,C3062,2160
2,C4233,5909
3,C1903,4121
1,C0177,7273
2,C3253,301
3,C1928,9710
1,C1775,3892
2,C1501,1376
3,C0167,1271
1,C0761,8829
2,C2038,4626
3,C3077,7588
1,C3185,9153
2,C4947,2296
3,C3390,5948
1,C0426,1873
2,C0874,2512
3,C0553,7940
1,C0341,110
2,C0956,8058
3,C0989,3192
1,C1218,7917
2,C2032,8142
3,C4335,6624
1,C2632,4940
2,C0835,661
3,C2404,4354
1,C1769,6410
2,C0810,3857
3,C4949,9931
1,C4465,9335
2,C1333,3990
3,C1756,8796
1,C4845,403
2,C4347,6736
3,C1886,7636
1,C0114,9235
2,C2964,5439
3,C2274,756
1,C4949,6030
2,C0420,9837
3,C1881,1374
1,C2238,5549
2,C3241,8385
3,C1269,7169
1,C3140,8568
2,C4184,5766
3,C0331,6357
1,C0159,4797
2,C0319,1800
3,C3726,5421
1,C1916,2315
2,C0660,8693
3,C2328,7735
1,C4735,5172
2,C0566,7832
3,C4980,3656
1,C1160,7353
2,C0425,9119
3,C3060,431
1,C0599,1247
2,C2918,9027
3,C3535,3805
1,C3917,4991
2,C3900,4215
3,C2388,7122
1,C1439,6532
2,C1480,5849
3,C3292,3103
1,C2512,1500
2,C0961,3171
3,C0668,5869
1,C2005,5830
2,C2364,9098
3,C3867,3473
1,C3532,6313
2,C2990,8203
3,C0730,9221
1,C4072,2029
2,C4016,9228
3,C4965,1036
1,C1192,8151
2,C3215,8210
3,C0392,6037
1,C2816,2816
2,C0387,1676
3,C1993,4026
1,C4373,1498
2,C0457,336
3,C2868,3055
1,C0306,7769
2,C1798,4664
3,C1077,1891
1,C2704,8369
2,C0172,5838
3,C4605,230
1,C4759,4171
2,C4591,228
3,C4309,2046
1,C1915,4995
2,C4080,1101
3,C1600,2508
1,C2955,342
2,C0974,5201
3,C1340,1242
1,C1729,7001
2,C1243,7059
3,C3131,9977
1,C2842,4511
2,C0061,3172
3,C3402,8029
1,C1302,201
2,C3014,5044
3,C4135,5914
1,C0739,9217
2,C4832,4721
3,C3011,328
1,C2834,1150
2,C3532,7816
3,C4196,6343
1,C2079,9201
2,C0670,2359
3,C4793,8419
1,C0894,7701
2,C0220,141
3,C0717,7217
1,C0709,4900
2,C4546,3660
3,C1531,822
1,C1091,3020
2,C1851,1975
3,C4116,6013
1,C3600,961
2,C1528,9132
3,C0443,6006
1,C3177,9100
2,C1944,3752
3,C0071,8163
1,C4709,4945
2,C0846,1166
3,C2113,1809
1,C0274,1716
2,C1947,5616
3,C0181,506
1,C4219,7768
2,C1305,4907
3,C2351,9237
1,C4689,1594
2,C1038,5858
3,C0475,8928
1,C4592,4667
2,C1491,6328
3,C1378,5580
1,C2013,1486
2,C2869,5890
3,C0090,1133
1,C1911,1088
2,C4208,1698
3,C2434,7672
1,C4982,8073
2,C3610,8121
3,C2482,9608
1,C2250,6563
2,C2734,4413
3,C3715,234
1,C1186,4712
2,C3833,409
3,C0633,3483
1,C1800,80
2,C0721,5701
3,C2103,9918
1,C4339,5247
2,C0159,3780
3,C3586,4853
1,C3263,8904
2,C3666,7117
3,C3641,9609
1,C4301,4745
2,C2312,4006
3,C3484,6804
1,C0083,8064
2,C0719,3054
3,C3601,4466
1,C1753,3093
2,C2328,171
3,C3803,4632
1,C4348,7591
2,C4533,7199
3,C1049,5116
1,C1491,8660
2,C4201,6192
3,C4955,2260
1,C1081,9986
2,C3384,4941
3,C4205,8867
1,C0826,4236
2,C0014,3704
3,C0833,2204
1,C2669,1044
2,C1315,886
3,C4494,2757
1,C0847,4817
2,C4513,9864
3,C1514,306
1,C0370,5962
2,C0915,4366
3,C1885,1111
1,C2451,8625
2,C3238,1250
3,C4328,7772
1,C0712,8473
2,C1723,6920
3,C0943,6384
1,C0556,1159
2,C4203,2459
3,C3734,829
1,C1897,1226
2,C3746,4916
3,C1029,9114
1,C1239,3802
2,C3176,6094
3,C3208,4671
1,C1544,7608
2,C0903,7579
3,C3436,1208
1,C2762,3071
2,C2804,220
3,C1636,1370
1,C3958,4956
2,C1123,3920
3,C2741,3720
1,C3419,1323
2,C2992,6105
3,C0659,9584
1,C4953,7474
2,C2322,2810
3,C1974,8878
1,C3021,7921
2,C0926,9140
3,C3889,9147
1,C1189,8675
2,C1776,1604
3,C3853,1080
1,C0478,4864
2,C4130,5326
3,C4864,6545
1,C4388,1258
2,C4169,9162
3,C4218,2882
1,C2444,5788
2,C2568,7712
3,C2003,9774
1,C1244,5338
2,C3491,1091
3,C4783,7159
1,C2851,7044
2,C1523,9660
3,C2421,463
1,C2244,8620
2,C0134,3709
3,C2607,7859
1,C4757,7165
2,C3850,8424
3,C0685,1568
1,C4404,6361
2,C2791,6113
3,C0388,1878
1,C1745,9521
2,C1729,1625
3,C3591,8561
1,C0417,5491
2,C1162,4998
3,C4333,7170
1,C3552,1612
2,C1990,4180
3,C4917,6739
1,C0781,5823
2,C4041,4094
3,C1890,7180
1,C2558,9318
2,C3448,6125
3,C4402,6199
1,C2124,154
2,C1819,4598
3,C3095,3090
1,C0775,4319
2,C0359,7798
3,C0003,8551
1,C2297,4982
2,C3080,1115
3,C3236,4004
1,C3310,2301
2,C4733,6907
3,C4846,6018
1,C0026,5602
2,C0839,9481
3,C0553,9479
1,C2310,7302
2,C4136,3326
3,C2016,3753
1,C2223,6814
2,C0419,4275
3,C1622,7821
1,C0459,6359
2,C4081,7807
3,C0515,6109
1,C1290,1534
2,C1890,3107
3,C2450,2424
1,C2661,1972
2,C1548,9778
3,C4880,268
1,C4547,3817
2,C2193,1451
3,C4081,3701
1,C2057,9506
2,C3106,6198
3,C4330,1899
1,C2449,9505
2,C2418,2065
3,C1697,1842
1,C4036,198
2,C2491,8681
3,C2445,3554
1,C3856,225
2,C4670,3177
3,C4117,1210
1,C3630,3543
2,C3722,6154
3,C3380,7816
1,C3546,2457
2,C3194,4118
3,C0338,7066
1,C2079,3471
2,C1059,687
3,C0613,267
1,C2535,5447
2,C3595,6817
3,C0355,4135
1,C3267,6207
2,C4753,4645
3,C1155,2298
1,C4777,7403
2,C4355,292
3,C2052,7272
1,C1699,784
2,C3025,3752
3,C2208,9628
1,C3047,2653
2,C1908,4669
3,C2337,2767
1,C1848,333
2,C0808,2662
3,C1456,4993
1,C0352,2891
2,C1181,8664
3,C0499,5352
1,C1846,5505
2,C1562,9822
3,C2663,2409
1,C0315,3347
2,C4209,1167
3,C4611,9524
1,C3852,2065
2,C3923,5668
3,C0572,2388
1,C3026,1499
2,C0825,8530
3,C2184,9319
1,C3924,992
2,C0054,3825
3,C2392,6870
1,C1037,9852
2,C4940,4130
3,C3871,6658
1,C4077,8013
2,C1661,6390
3,C1695,8472
1,C2660,4781
2,C2802,6048
3,C2147,9253
1,C3081,8959
2,C4183,3287
3,C0336,2907
1,C0701,7803
2,C4941,5865
3,C0520,8973
1,C1597,1574
2,C4423,4357
3,C4807,3518
1,C2867,2345
2,C4258,6707
3,C1158,6451
1,C4997,8771
2,C3148,5588
3,C2923,8817
1,C1966,2739
2,C0687,8446
3,C4147,3893
1,C4522,9206
2,C3332,5924
3,C1280,9899
1,C3372,564
2,C0074,183
3,C2846,734
1,C1664,9928
2,C1173,3542
3,C1367,423
1,C3678,3501
2,C1301,3613
3,C2666,5181
1,C3226,9766
2,C2067,3531
3,C4238,1230
1,C1221,804
2,C4087,4360
3,C4593,9263
1,C1398,9752
2,C2790,1617
3,C4796,235
1,C2183,4632
2,C4225,501
3,C3086,8345
1,C2638,9998
2,C0734,1673
3,C1460,4186
1,C4149,3435
2,C0393,347
3,C0599,6661
1,C1181,4189
2,C1721,2293
3,C1874,4999
1,C0445,9704
2,C3190,8292
3,C1879,1849
1,C1505,8989
2,C4932,9669
3,C3304,2357
1,C4464,4761
2,C0904,3667
3,C3660,3510
1,C1804,1776
2,C2387,2395
3,C4994,3502
1,C2949,2249
2,C4394,3014
3,C0026,3747
1,C4207,5006
2,C2972,5388
3,C3997,5780
1,C0719,487
2,C2319,9890
3,C2466,599
1,C1418,5765
2,C4019,9565
3,C0649,1715
1,C1012,8137
2,C1974,4781
3,C2242,5767
1,C0380,6654
2,C2424,4344
3,C1169,3449
1,C0298,3271
2,C3500,2568
3,C3977,3308
1,C2476,3967
2,C0929,9253
3,C3628,1807
1,C2018,4842
2,C2868,8228
3,C0157,2490
1,C1492,9798
2,C0013,9556
3,C2625,1433
1,C2560,1460
2,C4587,5904
3,C4999,5271
1,C0637,2283
2,C4369,5493
3,C1621,3834
1,C3156,2313
2,C2232,1311
3,C4567,6549
1,C3999,1620
2,C1249,19
3,C4470,3538
1,C3161,2557
2,C4682,7806
3,C3382,1458
1,C0464,1307
2,C3438,6633
3,C2255,9599
1,C1830,5668
2,C0583,3643
3,C0048,1544
1,C2525,5153
2,C3756,9373
3,C4415,7105
1,C3540,4872
2,C3419,9498
3,C4975,5964
1,C2785,5402
2,C4683,9110
3,C4356,2179
1,C2335,6936
2,C2009,1038
3,C4860,1979
1,C2707,9066
2,C4647,8211
3,C0388,3400
1,C2719,9578
2,C2885,2955
3,C0309,197
1,C3646,5706
2,C3594,336
3,C1066,1699
1,C0575,8661
2,C0129,3248
3,C1239,5294
1,C2523,8351
2,C2591,5054
3,C3468,2734
1,C4679,3592
2,C2707,2080
3,C2152,5840
1,C0247,9291
2,C3222,355
3,C3298,5968
1,C4056,6558
2,C4381,9061
3,C2049,8088
1,C1819,7274
2,C0237,6917
3,C3273,6982
1,C0666,7422
2,C0235,1742
3,C3645,943
1,C1563,4971
2,C3093,9864
3,C4948,5555
1,C0389,7279
2,C3341,4440
3,C2505,9439
1,C3037,7687
2,C0803,3300
3,C1114,6652
1,C2431,7551
2,C4629,3166
3,C0849,8150
1,C1866,7930
2,C3441,7418
3,C4457,2943
1,C0207,9609
2,C0383,4896
3,C0648,7771
1,C2870,3897
2,C0164,4836
3,C4913,6441
1,C0979,4270
2,C0235,3771
3,C1223,6681
1,C4352,9121
2,C2209,2564
3,C1749,8286
1,C2280,6787
2,C1953,9858
3,C1036,7718
1,C4124,9148
2,C4710,7354
3,C3878,7054
1,C1735,5545
2,C0222,4278
3,C3957,5284
1,C3262,7628
2,C3535,1147
3,C4800,375
1,C4155,4535
2,C0472,3088
3,C3028,166
1,C2055,1718
2,C0348,7435
3,C4855,4930
1,C3488,4241
2,C0453,5120
3,C0401,9394
1,C1732,6709
2,C0409,8474
3,C3336,6180
1,C1056,4647
2,C2315,9866
3,C2076,2777
1,C2035,1621
2,C1332,6110
3,C4411,522
1,C0822,2640
2,C4552,8307
3,C1837,8282
1,C0623,120
2,C1177,5889
3,C2658,5503
1,C3109,5090
2,C3410,9410
3,C4069,8319
1,C0401,5983
2,C1579,3953
3,C2880,3529
1,C0892,6335
2,C1034,8354
3,C3131,375
1,C3817,2558
2,C4643,7161
3,C1532,759
1,C3655,336
2,C1825,4258
3,C3696,1802
1,C1342,6155
2,C0839,2357
3,C2274,8725
1,C1925,5876
2,C2537,7185
3,C0792,3582
1,C3219,963
2,C4020,9117
3,C4514,8593
1,C1422,6548
2,C0443,9586
3,C3683,9424
1,C3886,1189
2,C3335,7400
3,C3476,8128
1,C4078,6129
2,C4155,8670
3,C4800,7923
1,C3143,9919
2,C1965,1351
3,C2544,3574
1,C1078,2707
2,C4339,8566
3,C1410,9187
1,C4615,3596
2,C1968,5146
3,C3082,9059
1,C2971,2625
2,C4813,6776
3,C4111,8740
1,C4122,4232
2,C4952,1960
3,C3450,7813
1,C4943,9528
2,C0406,6667
3,C2070,4789
1,C1475,5672
2,C3983,153
3,C3197,3650
1,C3004,3905
2,C4343,8300
3,C0013,877
1,C4671,5954
2,C4829,7097
3,C4879,1334
1,C0441,4451
2,C3952,7739
3,C1534,9558
1,C2620,921
2,C1541,4317
3,C4643,7685
1,C2626,1590
2,C3850,7707
3,C3369,8588
1,C4829,6839
2,C4917,644
3,C4469,5644
1,C2077,2343
2,C3117,2648
3,C2534,7395
1,C1192,2704
2,C3261,8821
3,C3002,8362
1,C2009,7422
2,C2293,9842
3,C1667,7202
1,C2245,8517
2,C1324,5975
3,C2503,1260
1,C0235,3974
2,C3440,1724
3,C3139,1770
1,C4987,5652
2,C2131,6512
3,C1772,94
1,C0504,7470
2,C3315,8430
3,C2508,7979
1,C3430,2426
2,C0071,6552
3,C4046,7978
1,C3245,3734
2,C3407,4877
3,C2253,8798
1,C3601,8277
2,C1091,9859
3,C1200,3773
1,C4435,5606
2,C3567,2990
3,C2081,9602
1,C4539,760
2,C3921,1035
3,C4999,309
1,C4457,2673
2,C0137,9642
3,C4924,7723
1,C3614,8988
2,C0291,3053
3,C4812,6282
1,C3755,580
2,C0164,524
3,C2660,7250
1,C1011,7918
2,C2593,9744
3,C1058,9794
1,C1933,2585
2,C2347,6706
3,C1014,8918
1,C2505,3907
2,C0902,2543
3,C3469,1009
1,C2705,8573
2,C0833,6294
3,C0837,5355
1,C0217,4620
2,C2546,8001
3,C3852,5339
1,C0484,5779
2,C3792,4335
3,C0381,2946
1,C3436,781
2,C4521,6514
3,C0644,3885
1,C0276,2906
2,C3921,5150
3,C4806,8436
1,C4659,7598
2,C1224,7459
3,C3747,5883
1,C3421,5385
2,C1476,5998
3,C3614,7852
1,C0434,710
2,C0113,7522
3,C3736,1325
1,C4933,6382
2,C4944,127
3,C3244,1333
1,C1984,7911
2,C3696,2031
3,C3228,6752
1,C4453,3578
2,C2000,3298
3,C0201,5655
1,C1096,391
2,C1286,6888
3,C1168,1760
1,C3084,6256
2,C2026,6168
3,C3985,6793
1,C4457,8411
2,C3792,4091
3,C0263,6896
1,C4727,9693
2,C3907,6301
3,C2785,246
1,C4290,3188
2,C1527,5485
3,C0438,2738
1,C3855,6102
2,C1962,5716
3,C0621,6043
1,C0746,7432
2,C3968,791
3,C2130,9148
1,C4569,1889
2,C1505,2605
3,C1261,2823
1,C0812,1331
2,C4397,5352
3,C2447,6966
1,C1655,6310
2,C4521,2672
3,C0248,5783
1,C1541,1974
2,C1619,7567
3,C4556,6713
1,C2231,2368
2,C4257,4577
3,C2882,4564
1,C2136,540
2,C0353,618
3,C1447,3660
1,C0072,3469
2,C0753,4575
3,C3785,1228
1,C2422,8880
2,C2053,2886
3,C3774,5257
1,C3157,2084
2,C0308,5301
3,C3783,6469
1,C1490,4504
2,C0408,5296
3,C4140,1259
1,C3938,4689
2,C1053,1268
3,C2311,9151
1,C3554,6285
2,C0352,9296
3,C3960,8727
1,C2658,9629
2,C1427,8444
3,C4329,5057
1,C1435,4463
2,C0105,6496
3,C2146,8544
1,C3334,6569
2,C1525,516
3,C2014,6504
1,C3889,9726
2,C1706,3278
3,C1845,6927
1,C0761,4862
2,C0374,362
3,C3458,4802
1,C4503,1728
2,C2069,2126
3,C2159,5434
1,C0580,497
2,C1659,1383
3,C4642,7321
1,C3338,7561
2,C2914,7616
3,C4891,8707
1,C2484,9125
2,C1288,1097
3,C4806,9962
1,C1781,3037
2,C0406,4060
3,C2745,3205
1,C4736,4036
2,C2040,9792
3,C4453,2354
1,C3175,3002
2,C4040,2123
3,C2157,7481
1,C3828,9155
2,C2207,1082
3,C1558,1247
1,C3730,4600
2,C3925,9644
3,C3970,8251
1,C0913,2460
2,C3555,1412
3,C2611,2116
1,C0387,8173
2,C2316,1252
3,C0347,598
1,C0983,3785
2,C1420,829
3,C3702,7901
1,C0456,2899
2,C4065,6757
3,C4239,6129
1,C1029,6554
2,C3555,1517
3,C3506,7568
1,C2990,5279
2,C0944,5857
3,C4503,5630
1,C4359,4498
2,C0292,7981
3,C0748,9082
1,C1058,838
2,C3251,6505
3,C4649,1944
1,C0967,185
2,C2603,6267
3,C4586,2448
1,C4531,5541
2,C4579,7825
3,C3000,2785
1,C2061,2840
2,C1761,9250
3,C2316,9490
1,C3227,7733
2,C0476,1539
3,C3374,1067
1,C2347,7304
2,C0577,7996
3,C1197,2959
1,C3870,4147
2,C0182,747
3,C2241,9386
1,C1242,3059
2,C3373,471
3,C3866,9259
1,C3132,1704
2,C0451,7304
3,C2948,6893
1,C0559,9196
2,C2943,6960
3,C4432,5527
1,C0672,4543
2,C1679,2563
3,C1410,311
1,C3742,9751
2,C4816,5602
3,C1530,6160
1,C1414,2719
2,C3366,1473
3,C2597,3643
1,C3511,8497
2,C0507,6267
3,C4789,5676
1,C1438,2915
2,C0482,70
3,C2589,5777
1,C0498,1435
2,C2775,7851
3,C3026,8968
1,C3898,4291
2,C4519,957
3,C2923,6005
1,C0171,2095
2,C1796,9424
3,C1810,2630
1,C0763,3110
2,C3152,5363
3,C4345,2603
1,C0414,2731
2,C1995,9682
3,C0301,834
1,C0146,2762
2,C1144,9726
3,C2238,5888
1,C3109,6853
2,C2172,4673
3,C4703,4350
1,C4026,633
2,C1572,3525
3,C0534,2698
1,C3302,4730
2,C2546,3451
3,C1607,9115
1,C0214,430
2,C4682,3974
3,C0161,9041
1,C2022,1980
2,C2883,1185
3,C0473,636
1,C4038,2128
2,C1043,2523
3,C1634,5402
1,C3158,668
2,C2121,606
3,C1185,4014
1,C2932,4217
2,C0922,4217
3,C1600,9015
1,C0240,8302
2,C0637,9352
3,C3071,1124
1,C2594,6551
2,C3591,3764
3,C1201,9116
1,C4981,455
2,C0042,313
3,C4938,3935
1,C0776,4096
2,C3591,5279
3,C2247,7012
1,C2323,1751
2,C0349,4844
3,C4142,306
1,C3667,950
2,C2189,8524
3,C0083,8700
1,C0518,6056
2,C3028,176
3,C0742,2935
1,C3262,8028
2,C4868,2335
3,C0610,6308
1,C0242,6714
2,C2440,9232
3,C3620,619
1,C3614,7696
2,C0481,3452
3,C3788,4645
1,C0274,8468
2,C4702,2141
3,C1248,4995
1,C1587,4626
2,C4328,2096
3,C3625,4134
1,C1634,9147
2,C1568,4890
3,C3942,9971
1,C4903,6649
2,C1822,5256
3,C2737,4340
1,C1797,1776
2,C2156,3828
3,C2261,312
1,C0557,8987
2,C0849,960
3,C0854,6238
1,C3111,1436
2,C3956,4434
3,C3012,7689
1,C2717,1180
2,C3263,2607
3,C0587,2785
1,C1287,9734
2,C1791,8218
3,C2680,2796
1,C2288,8542
2,C2028,8267
3,C3490,2402
1,C2776,6837
2,C1940,3216
3,C4232,7817
1,C1659,3917
2,C3060,2139
3,C0390,3782
1,C2993,5927
2,C3337,5899
3,C4027,1867
1,C2291,7187
2,C4718,7927
3,C4173,7530
1,C0848,254
2,C3703,4207
3,C2156,3534
1,C0812,6482
2,C1345,4642
3,C2555,2365
1,C3075,7627
2,C2232,879
3,C3056,3924
1,C3088,3416
2,C0612,3777
3,C0996,2279
1,C0858,4958
2,C2113,2577
3,C4779,2911
1,C3079,7495
2,C0378,7750
3,C3503,6036
1,C1465,7916
2,C3971,2453
3,C0734,7686
1,C3814,3472
2,C3897,5715
3,C1968,6463
1,C2223,7099
2,C2466,8069
3,C1489,1046
1,C2299,2973
2,C1224,4947
3,C1439,7411
1,C0497,6418
2,C0064,8785
3,C0169,5451
1,C4686,9943
2,C3712,6605
3,C1675,3214
1,C1963,1137
2,C0048,4555
3,C0432,8984
1,C1121,5397
2,C3914,5728
3,C4727,681
1,C1972,6411
2,C3007,7145
3,C3297,5910
1,C3033,7346
2,C1043,1490
3,C4492,264
1,C3538,167
2,C1926,9787
3,C0575,9918
1,C2121,8918
2,C1843,2567
3,C4202,292
1,C3210,7222
2,C3611,782
3,C0113,5207
1,C4312,6436
2,C4374,7792
3,C4198,1237
1,C0465,3392
2,C2734,6884
3,C1981,2448
1,C4799,9059
2,C4276,7069
3,C3960,7345
1,C2513,9120
2,C4629,75
3,C3213,5234
1,C4999,4013
2,C1469,7730
3,C0205,8216
1,C3041,7156
2,C3121,5848
3,C2954,5087
1,C2122,8570
2,C1317,4001
3,C2152,4227
1,C3727,5085
2,C3968,5804
3,C0989,2992
1,C3171,5728
2,C3506,9962
3,C1883,6681
1,C1969,6657
2,C4460,6624
3,C3506,7393
1,C1330,767
2,C3909,4768
3,C1352,9261
1,C1497,6438
2,C3886,1550
3,C4920,3827
1,C1001,3986
2,C2844,6877
3,C3501,3480
1,C0474,712
2,C0548,1646
3,C2234,4261
1,C3739,508
2,C4437,9174
3,C3264,1123
1,C0896,6716
2,C4519,2325
3,C0392,943
1,C3819,7874
2,C1502,510
3,C1746,1222
1,C0283,5596
2,C0666,6813
3,C1726,5921
1,C2178,928
2,C4843,6963
3,C2050,5161
1,C4698,3143
2,C1372,1331
3,C1170,5854
1,C2251,7400
2,C4690,9884
3,C1099,4056
1,C2826,3305
2,C3363,3901
3,C4707,9941
1,C2092,3115
2,C1873,5234
3,C3158,8852
1,C3004,5215
2,C0578,9750
3,C4028,4008
1,C1281,1942
2,C4564,8581
3,C2989,9644
1,C0131,7088
2,C4551,7429
3,C0238,642
1,C1165,7989
2,C3507,6622
3,C2944,271
1,C3298,815
2,C4089,7326
3,C4947,2261
1,C3090,2780
2,C2199,5119
3,C1618,8216
1,C4311,2984
2,C3132,9289
3,C2853,8290
1,C1880,2967
2,C0436,4842
3,C2215,263
1,C1395,6012
2,C4607,2224
3,C3983,4201
1,C2431,9130
2,C3322,4266
3,C2113,6146
1,C1459,7431
2,C3509,3507
3,C2981,2899
1,C4341,3585
2,C2703,3670
3,C0401,501
1,C1595,7357
2,C3746,6186
3,C0281,6664
1,C2893,4711
2,C4909,6435
3,C4555,1966
1,C1834,294
2,C3994,47
3,C2775,9211
1,C1686,2015
2,C4989,703
3,C0681,5670
1,C4333,97
2,C1447,4024
3,C2844,3447
1,C1692,7869
2,C4855,5140
3,C2709,6886
1,C1335,1517
2,C3797,3661
3,C3984,654
1,C3487,163
2,C1667,7743
3,C0478,4158
1,C4141,2657
2,C0232,3316
3,C3216,2750
1,C0584,4442
2,C2245,1345
3,C1282,7241
1,C2394,5078
2,C0717,6231
3,C1981,9789
1,C0886,1798
2,C3883,5026
3,C3301,6403
1,C3188,2349
2,C1024,1972
3,C4074,7117
1,C0874,188
2,C2723,6778
3,C2844,3834
1,C2151,5237
2,C4877,673
3,C1001,5470
1,C1920,9328
2,C0451,5321
3,C2254,4529
1,C4834,9196
2,C3979,3429
3,C3633,1841
1,C1068,9243
2,C2220,4284
3,C2561,6445
1,C2526,2003
2,C4424,3565
3,C2329,8635
1,C1358,1178
2,C0997,3566
3,C3223,8665
1,C1750,5165
2,C4204,6069
3,C3945,1304
1,C4127,7681
2,C3465,6010
3,C4019,4473
1,C1125,5483
2,C1266,9297
3,C2180,1335
1,C3883,5439
2,C3735,7765
3,C4691,623
1,C2451,5797
2,C0124,8863
3,C0185,4140
1,C4759,1452
2,C3909,9755
3,C2410,7677
1,C0715,9206
2,C4707,704
3,C2130,7804
1,C0846,9861
2,C1368,7540
3,C2678,3032
1,C2080,7534
2,C0814,9604
3,C3052,1194
1,C2812,7305
2,C3575,216
3,C0604,3100
1,C0532,8228
2,C3546,5532
3,C1432,7027
1,C3062,7425
2,C2746,7375
3,C0312,2907
1,C2021,7297
2,C2316,2612
3,C2745,1273
1,C3399,3983
2,C4351,4863
3,C1049,5401
1,C0841,364
2,C0309,6757
3,C0211,5677
1,C3094,8119
2,C4494,8058
3,C4075,5017
1,C4086,9589
2,C1858,8642
3,C4605,2379
1,C2720,7109
2,C2217,8797
3,C2893,1080
1,C4446,2535
2,C3526,6880
3,C3148,7043
1,C0927,8326
2,C1835,2793
3,C3915,940
1,C4915,6369
2,C1988,1974
3,C1615,2656
1,C1807,4322
2,C1042,2826
3,C0744,129
1,C3709,8075
2,C0725,1148
3,C2546,550
1,C0133,2750
2,C3763,8966
3,C1694,8571
1,C3099,7565
2,C0059,8695
3,C0905,3830
1,C1984,5270
2,C2970,7895
3,C2649,8222
1,C4535,4189
2,C1521,5832
3,C0890,9958
1,C1031,1922
2,C3490,8879
3,C0465,6925
1,C2178,4161
2,C3223,7788
3,C0154,7685
1,C4886,8777
2,C3026,8425
3,C0647,9567
1,C1326,7730
2,C2121,1385
3,C3152,4619
1,C4949,1775
2,C3887,2490
3,C0696,5597
1,C3676,9716
2,C2812,8372
3,C2850,1660
1,C4756,550
2,C1387,9483
3,C4238,2736
1,C4420,495
2,C1656,2696
3,C0464,7738
1,C1524,6890
2,C2920,805
3,C3983,8750
1,C2331,8444
2,C2759,4774
3,C2131,698
1,C1447,4187
2,C2843,9643
3,C0156,83
1,C2153,414
2,C2290,3383
3,C4848,5307
1,C1439,8985
2,C0691,6964
3,C0845,935
1,C3002,1026
2,C0644,8804
3,C4728,734
1,C4074,3714
2,C2680,4787
3,C4841,1205
1,C4908,1204
2,C4401,4870
3,C1816,6413
1,C1773,7366
2,C3303,8853
3,C0891,5098
1,C0058,9374
2,C3179,4280
3,C2034,5844
1,C2399,3051
2,C4826,5961
3,C3647,6095
1,C0953,8815
2,C2195,9723
3,C0815,1500
1,C1129,4712
2,C4592,9921
3,C2817,8997
1,C2373,178
2,C3015,6934
3,C1868,6518
1,C3411,5552
2,C0863,807
3,C0205,7071
1,C1930,7671
2,C3205,2447
3,C4256,9776
1,C3998,1807
2,C3184,8907
3,C3456,3959
1,C3067,4251
2,C3038,184
3,C4762,1587
1,C0329,8451
2,C1127,6167
3,C2779,8189
1,C3609,3896
2,C2147,2032
3,C1089,4427
1,C2258,6569
2,C1256,5986
3,C2251,7806
1,C0154,17
2,C0428,680
3,C3840,6004
1,C3156,9724
2,C2480,9349
3,C1049,1334
1,C3803,3613
2,C0493,7536
3,C0223,3095
1,C1826,3189
2,C0378,6846
3,C0502,2414
1,C0544,5621
2,C2606,9536
3,C0823,6838
1,C0852,1611
2,C4334,4811
3,C3444,3380
1,C3184,6190
2,C2405,2598
3,C3575,9561
1,C2389,4732
2,C2115,2073
3,C4848,2541
1,C4172,6660
2,C0706,6066
3,C4821,8732
1,C0614,2099
2,C0849,7357
3,C0448,8016
1,C1914,2459
2,C2753,1064
3,C0607,3223
1,C3849,2555
2,C4158,2090
3,C2700,4816
1,C0507,7318
2,C4985,4191
3,C0897,1721
1,C0951,6130
2,C2866,3246
3,C3821,7443
1,C4933,3932
2,C4140,9969
3,C1672,3738
1,C0847,3110
2,C1572,3610
3,C1080,591
1,C0485,4844
2,C2431,6170
3,C2853,44
1,C1681,7027
2,C0771,8040
3,C0372,5336
1,C1757,908
2,C3031,9360
3,C2304,385
1,C3024,2191
2,C0124,745
3,C3464,5094
1,C3163,2976
2,C2961,8168
3,C0820,1544
1,C4178,6582
2,C3073,5159
3,C0958,7836
1,C1743,806
2,C0041,8695
3,C1154,9446
1,C0018,7907
2,C1316,6613
3,C2841,7038
1,C4362,3300
2,C3614,3621
3,C1127,1532
1,C0937,753
2,C4867,7874
3,C0605,8635
1,C2103,7099
2,C4517,6077
3,C1970,9699
1,C1890,1858
2,C4643,9314
3,C2311,4945
1,C2279,3370
2,C0628,6904
3,C0952,8676
1,C0637,6123
2,C4459,3435
3,C1660,8540
1,C2440,8848
2,C4029,4848
3,C3138,3148
1,C1041,5568
2,C3759,2696
3,C4275,522
1,C3971,3563
2,C0994,338
3,C1467,2777
1,C4141,5261
2,C0065,1686
3,C4746,6303
1,C0155,4736
2,C0689,814
3,C2711,5152
1,C0319,593
2,C4750,3420
3,C1450,5392
1,C0802,9389
2,C3708,9641
3,C0634,4681
1,C4185,6470
2,C4408,7097
3,C4105,8587
1,C1287,6322
2,C3874,7624
3,C1360,7628
1,C3217,3008
2,C4701,5868
3,C4225,7692
1,C3277,2303
2,C4492,2883
3,C2789,5993
1,C2494,9567
2,C3695,3686
3,C2310,4206
1,C2492,3163
2,C3564,4831
3,C2101,3808
1,C0083,5256
2,C0243,9471
3,C3010,6612
1,C3143,2329
2,C4127,4956
3,C0554,2264
1,C2761,623
2,C0822,845
3,C2312,3855
1,C1524,6183
2,C0131,8729
3,C0205,4312
1,C2760,9091
2,C3505,9656
3,C2913,9345
1,C2039,8310
2,C1026,6605
3,C3129,5473
1,C2612,8007
2,C4537,7443
3,C0790,5740
1,C0613,7779
2,C0346,2947
3,C2620,4517
1,C0424,6694
2,C1776,8907
3,C3154,1372
1,C4378,1704
2,C2550,8591
3,C0155,8153
1,C4458,9912
2,C0735,200
3,C4989,4885
1,C2729,5757
2,C4750,8786
3,C2109,7510
1,C4675,5594
2,C2483,9327
3,C3825,3528
1,C1597,5006
2,C3756,3849
3,C1230,3048
1,C3141,1370
2,C2682,1376
3,C1413,9827
1,C3748,9213
2,C4862,5224
3,C0800,1101
1,C4452,5421
2,C3700,3075
3,C2729,7074
1,C3075,6995
2,C2404,4595
3,C4824,2681
1,C2953,1197
2,C2073,8414
3,C1845,3268
1,C2961,7476
2,C3807,7958
3,C0225,3489
1,C1738,153
2,C2556,8291
3,C1607,480
1,C4061,4088
2,C1513,4241
3,C3206,8223
1,C2320,3986
2,C2375,9783
3,C1929,7113
1,C2596,7094
2,C0323,4691
3,C1238,4959
1,C0666,9982
2,C4374,9723
3,C0819,3267
1,C2744,3887
2,C0597,4779
3,C1044,6040
1,C3947,496
2,C3195,349
3,C4569,9184
1,C3305,9036
2,C4962,9822
3,C0367,1844
1,C3432,2766
2,C1604,7373
3,C0938,9070
1,C3889,5812
2,C0438,9791
3,C2156,362
1,C3019,9408
2,C4269,4127
3,C0407,5543
1,C2342,6066
2,C3205,1345
3,C3529,6953
1,C4929,244
2,C1189,3151
3,C4626,7740
1,C2339,9579
2,C3563,5474
3,C4975,8896
1,C4832,9606
2,C4786,2914
3,C4570,6620
1,C2804,1807
2,C3960,4438
3,C3761,1854
1,C4744,5002
2,C0755,9671
3,C3054,4019
1,C0834,744
2,C0488,3173
3,C3033,5202
1,C1320,6982
2,C1685,9936
3,C4532,9649
1,C2871,828
2,C0194,9116
3,C1444,6470
1,C3015,9897
2,C3263,8313
3,C1780,6462
1,C1469,6843
2,C2365,7975
3,C2984,929
1,C2357,2230
2,C2765,2511
3,C4498,9781
1,C0569,8054
2,C4691,8256
3,C0167,3746
1,C0227,2482
2,C4682,8257
3,C0443,3090
1,C2719,9503
2,C0633,4258
3,C4182,3052
1,C0796,1151
2,C2509,5577
3,C0003,3157
1,C3430,6725
2,C4614,8300
3,C3379,3214
1,C0840,1955
2,C0527,1122
3,C2033,9518
1,C2153,3490
2,C4920,2435
3,C4254,8701
1,C1852,4902
2,C2662,951
3,C3025,168
1,C1734,5595
2,C3103,1871
3,C4995,3152
1,C4025,6528
2,C1915,8489
3,C1165,6001
1,C1217,5379
2,C4375,71
3,C1144,4600
1,C3148,3837
2,C4046,9897
3,C4073,312
1,C2381,854
2,C4557,3240
3,C1581,5420
1,C3002,6536
2,C3343,3280
3,C4220,3241
1,C3007,4180
2,C4369,6912
3,C1480,9360
1,C1693,3472
2,C0591,168
3,C4781,2545
1,C4167,9621
2,C2144,2045
3,C3043,7832
1,C0848,8343
2,C0106,4848
3,C0967,927
1,C4625,2657
2,C0664,7386
3,C0879,33
1,C2588,9523
2,C2971,1684
3,C2659,4237
1,C2643,632
2,C4058,604
3,C3526,7259
1,C2572,2064
2,C3117,759
3,C1920,2400
1,C1551,5021
2,C4077,8939
3,C3990,3343
1,C1379,4168
2,C3814,3185
3,C2169,9262
1,C1590,8591
2,C0855,5761
3,C3416,539
1,C2749,7132
2,C2859,6219
3,C2874,4118
1,C4641,9934
2,C3915,6030
3,C1460,4439
1,C2456,8568
2,C2883,9309
3,C3477,7378
1,C1217,3608
2,C1882,6160
3,C0533,6269
1,C3085,7800
2,C1132,7319
3,C1382,3159
1,C0790,4397
2,C1288,5104
3,C0096,4264
1,C1553,6353
2,C1760,70
3,C3477,530
1,C4948,7940
2,C0179,5630
3,C4098,2002
1,C3992,7155
2,C1159,7103
3,C2455,3184
1,C1250,3216
2,C1653,6279
3,C2181,9480
1,C0293,8125
2,C3795,5978
3,C3237,5971
1,C0162,3266
2,C0727,8033
3,C3840,7255
1,C0334,7140
2,C0959,8880
3,C3873,6250
1,C4172,7761
2,C2517,3219
3,C2430,4421
1,C2091,6883
2,C0459,8979
3,C2471,2860
1,C4205,3637
2,C1642,8181
3,C2731,256
1,C4533,275
2,C2001,639
3,C3982,5526
1,C2654,8726
2,C0561,5172
3,C0948,1938
1,C2425,2990
2,C1740,1478
3,C3114,1140
1,C4836,4098
2,C1996,3907
3,C0191,2493
1,C1321,2585
2,C2485,70
3,C3677,4141
1,C2325,3577
2,C3360,4418
3,C3439,8114
1,C3008,8312
2,C0145,8601
3,C0110,9005
1,C1471,9290
2,C1834,6936
3,C4148,9880
1,C3203,9884
2,C2238,6710
3,C0539,2434
1,C4301,8753
2,C0522,215
3,C2633,432
1,C1740,5605
2,C0422,190
3,C4509,7910
1,C4325,4894
2,C2875,1379
3,C4929,3188
1,C1240,825
2,C4316,1827
3,C0320,2559
1,C2807,8607
2,C0851,2008
3,C0048,4621
1,C0089,7510
2,C0224,6891
3,C4631,3016
1,C4647,8549
2,C3848,3947
3,C2867,1051
1,C1868,6987
2,C1955,9552
3,C4606,8718
1,C0458,9622
2,C3175,1304
3,C2533,2403
1,C2311,9269
2,C1712,7664
3,C4357,30
1,C1292,4137
2,C4766,3088
3,C1918,6541
1,C2131,4546
2,C4971,412
3,C3878,3703
1,C3981,6407
2,C0049,5694
3,C4966,3769
1,C3012,3067
2,C0664,5707
3,C3007,6961
1,C3902,6076
2,C3688,5124
3,C2867,5111
1,C0660,9038
2,C3170,6817
3,C1427,2553
1,C2407,7701
2,C2495,1934
3,C0013,4891
1,C1076,8958
2,C0694,9475
3,C1152,8942
1,C0234,5382
2,C1857,6872
3,C0891,8589
1,C0284,5352
2,C1214,16
3,C4753,3359
1,C3514,2058
2,C3125,2383
3,C2684,2300
1,C0482,2822
2,C2072,870
3,C0624,6914
1,C3492,2596
2,C2586,7812
3,C2507,70
1,C3560,9170
2,C2829,23
3,C2196,9457
1,C4238,3249
2,C3086,3811
3,C1389,1937
1,C2227,351
2,C2562,6476
3,C1524,1882
1,C0851,7438
2,C0828,1183
3,C0366,8386
1,C0234,2357
2,C0294,7077
3,C3553,6159
1,C4001,5779
2,C0805,3280
3,C1921,2943
1,C3655,3994
2,C3904,9243
3,C3665,4812
1,C3234,7572
2,C4005,8512
3,C1416,450
1,C3550,2815
2,C3073,8299
3,C1333,3782
1,C1215,6976
2,C3514,5586
3,C1837,7378
1,C4427,3528
2,C0052,6080
3,C1565,2688
1,C0526,6444
2,C4941,6244
3,C1445,9606
1,C4915,980
2,C2528,696
3,C2187,7891
1,C0742,7033
2,C2122,8199
3,C1700,2972
1,C1277,3719
2,C2453,5761
3,C1164,563
1,C3141,4286
2,C2861,8309
3,C0847,6312
1,C0669,2300
2,C1386,4620
3,C3802,2990
1,C0431,4146
2,C3677,7047
3,C1816,9950
1,C1234,8788
2,C1872,5711
3,C1301,8903
1,C3488,6854
2,C2787,547
3,C0424,6789
1,C1652,5617
2,C4619,2877
3,C3392,3396
1,C0442,9080
2,C1580,525
3,C0702,9932
1,C4428,583
2,C3308,5343
3,C0799,2074
1,C1182,1537
2,C4937,869
3,C0640,3370
1,C2583,5887
2,C1925,3974
3,C4043,8365
1,C4903,6086
2,C3961,6244
3,C2653,7032
1,C3438,5273
2,C1104,6790
3,C0483,5298
1,C2755,5733
2,C4150,9389
3,C0028,5944
1,C0362,4313
2,C2588,6052
3,C3734,5103
1,C3944,1240
2,C3259,6638
3,C3719,7979
1,C1944,8099
2,C3883,807
3,C1708,825
1,C4934,3862
2,C3064,5240
3,C2739,6499
1,C2315,9607
2,C4352,8603
3,C3946,4758
1,C3776,135
2,C3062,4795
3,C0734,3995
1,C1426,8977
2,C1320,4157
3,C4360,1360
1,C2337,315
2,C4087,9543
3,C0781,665
1,C1032,5282
